device_id,first_seen,last_seen,num_linked_accounts,risk_score_external
200000,2024-03-10,2025-10-12,1,0.3139
200001,2024-01-27,2025-11-17,1,0.2411
200002,2024-10-26,2025-08-25,1,0.2215
200003,2024-09-05,2025-07-17,1,0.4913
200004,2024-07-01,2025-06-04,1,0.4038
200005,2024-04-19,2025-08-18,1,0.1286
200006,2024-11-13,2025-06-21,1,0.1412
200007,2024-11-11,2025-09-25,1,0.0111
200008,2024-01-01,2025-10-23,1,0.2457
200009,2024-10-28,2025-06-21,1,0.2634
200010,2024-06-21,2025-09-01,1,0.2044
200011,2024-05-01,2025-09-05,1,0.3539
200012,2024-05-07,2025-07-27,1,0.0897
200013,2024-06-17,2025-07-10,1,0.0406
200014,2024-07-28,2025-10-07,2,0.2876
200015,2024-12-16,2025-07-11,1,0.2366
200016,2024-01-10,2025-06-06,1,0.2273
200017,2024-08-09,2025-09-17,1,0.0648
200018,2024-01-24,2025-06-13,1,0.2019
200019,2024-01-03,2025-07-26,1,0.2564
200020,2024-04-20,2025-06-16,1,0.2655
200021,2024-10-10,2025-09-08,2,0.0789
200022,2024-05-06,2025-07-10,1,0.7723
200023,2024-05-11,2025-07-18,4,0.2001
200024,2024-11-25,2025-08-11,1,0.1231
200025,2024-04-10,2025-08-27,1,0.3195
200026,2024-10-07,2025-10-08,5,0.027
200027,2024-10-30,2025-11-15,1,0.11
200028,2024-08-24,2025-09-17,2,0.3415
200029,2024-12-19,2025-08-27,1,0.1466
200030,2024-12-25,2025-09-14,1,0.1065
200031,2024-01-23,2025-08-30,1,0.2268
200032,2024-03-03,2025-06-02,2,0.1398
200033,2024-05-22,2025-08-28,1,0.1322
200034,2024-08-31,2025-10-12,1,0.2865
200035,2024-04-12,2025-11-02,3,0.0715
200036,2024-08-20,2025-06-17,1,0.4539
200037,2024-11-23,2025-10-01,4,0.0154
200038,2024-01-03,2025-06-20,1,0.0589
200039,2024-11-12,2025-06-06,2,0.1675
200040,2024-06-26,2025-06-09,1,0.1006
200041,2024-11-24,2025-06-22,2,0.3161
200042,2024-09-05,2025-06-16,2,0.5814
200043,2024-01-16,2025-09-13,1,0.0162
200044,2024-11-25,2025-11-13,2,0.055
200045,2024-01-19,2025-10-15,5,0.193
200046,2024-04-01,2025-10-10,2,0.0112
200047,2024-07-20,2025-06-22,3,0.0183
200048,2024-11-25,2025-11-16,2,0.2244
200049,2024-03-01,2025-08-30,1,0.1121
200050,2024-07-15,2025-06-06,2,0.2803
200051,2024-02-11,2025-09-24,1,0.2738
200052,2024-05-03,2025-10-05,1,0.3034
200053,2024-04-05,2025-08-12,1,0.0401
200054,2024-06-05,2025-10-07,1,0.0627
200055,2024-09-15,2025-10-03,2,0.0298
200056,2024-09-20,2025-09-13,2,0.2152
200057,2024-09-02,2025-08-01,2,0.1281
200058,2024-01-11,2025-11-27,1,0.0556
200059,2024-10-13,2025-09-21,1,0.0497
200060,2024-08-24,2025-08-23,1,0.1858
200061,2024-01-23,2025-10-16,1,0.4038
200062,2024-12-11,2025-07-14,2,0.113
200063,2024-10-06,2025-11-20,2,0.2341
200064,2024-09-09,2025-10-11,1,0.1069
200065,2024-06-28,2025-09-24,2,0.4007
200066,2024-10-17,2025-07-18,1,0.524
200067,2024-04-24,2025-08-03,3,0.2124
200068,2024-09-21,2025-11-18,2,0.1212
200069,2024-08-10,2025-10-08,1,0.1852
200070,2024-08-10,2025-06-21,2,0.3548
200071,2024-10-18,2025-10-23,1,0.0774
200072,2024-03-04,2025-06-22,2,0.1133
200073,2024-02-07,2025-08-14,2,0.233
200074,2024-07-21,2025-08-15,2,0.2075
200075,2024-10-21,2025-08-05,1,0.3473
200076,2024-04-02,2025-08-29,2,0.3475
200077,2024-07-26,2025-06-28,1,0.324
200078,2024-12-15,2025-09-28,2,0.6382
200079,2024-08-14,2025-09-30,3,0.1602
200080,2024-01-29,2025-11-01,1,0.015
200081,2024-11-16,2025-08-20,1,0.0141
200082,2024-12-22,2025-09-04,1,0.5686
200083,2024-09-16,2025-06-24,2,0.1532
200084,2024-08-10,2025-08-02,1,0.1344
200085,2024-07-31,2025-09-10,3,0.4633
200086,2024-08-15,2025-08-14,5,0.161
200087,2024-05-02,2025-11-26,1,0.0849
200088,2024-08-23,2025-07-20,1,0.3145
200089,2024-07-05,2025-06-10,1,0.3777
200090,2024-10-16,2025-11-04,1,0.2994
200091,2024-11-01,2025-09-01,2,0.1988
200092,2024-09-16,2025-06-13,1,0.2016
200093,2024-12-29,2025-11-16,1,0.1458
200094,2024-06-12,2025-07-08,1,0.2202
200095,2024-10-02,2025-11-20,2,0.3326
200096,2024-05-05,2025-08-01,1,0.1852
200097,2024-10-15,2025-08-01,1,0.1089
200098,2024-04-07,2025-07-09,1,0.2355
200099,2024-09-12,2025-07-01,1,0.1543
200100,2024-01-06,2025-10-23,1,0.2286
200101,2024-10-06,2025-08-15,1,0.3155
200102,2024-04-16,2025-09-09,1,0.1089
200103,2024-03-29,2025-07-28,1,0.1937
200104,2024-05-01,2025-08-16,1,0.4594
200105,2024-06-03,2025-08-26,3,0.039
200106,2024-02-16,2025-07-26,1,0.1343
200107,2024-07-21,2025-09-16,1,0.3112
200108,2024-02-15,2025-08-23,1,0.343
200109,2024-07-19,2025-10-17,1,0.1587
200110,2024-05-14,2025-10-18,1,0.0809
200111,2024-08-06,2025-09-23,2,0.1232
200112,2024-02-25,2025-06-19,2,0.051
200113,2024-12-21,2025-11-08,1,0.4092
200114,2024-01-06,2025-10-04,2,0.0128
200115,2024-11-08,2025-10-11,1,0.032
200116,2024-05-08,2025-09-25,2,0.3485
200117,2024-10-29,2025-09-02,1,0.1532
200118,2024-08-05,2025-09-10,1,0.1923
200119,2024-10-30,2025-06-22,2,0.1183
200120,2024-07-21,2025-11-13,1,0.4866
200121,2024-10-16,2025-10-23,1,0.2566
200122,2024-08-27,2025-11-11,2,0.0581
200123,2024-09-04,2025-10-07,1,0.2482
200124,2024-07-27,2025-07-18,3,0.0891
200125,2024-04-03,2025-07-31,1,0.0809
200126,2024-11-05,2025-11-04,1,0.1121
200127,2024-11-08,2025-07-12,1,0.3583
200128,2024-09-20,2025-09-19,2,0.2223
200129,2024-04-12,2025-09-27,1,0.0391
200130,2024-05-28,2025-07-03,1,0.2604
200131,2024-09-21,2025-06-16,1,0.221
200132,2024-03-09,2025-06-07,2,0.0071
200133,2024-02-10,2025-10-20,1,0.0547
200134,2024-05-26,2025-07-23,2,0.1219
200135,2024-07-18,2025-07-11,1,0.0757
200136,2024-11-22,2025-11-11,1,0.1191
200137,2024-04-26,2025-09-15,2,0.1834
200138,2024-03-19,2025-06-05,1,0.2298
200139,2024-09-14,2025-07-25,1,0.1448
200140,2024-11-15,2025-08-25,1,0.0717
200141,2024-11-08,2025-08-25,1,0.2876
200142,2024-08-18,2025-10-20,2,0.1949
200143,2024-01-06,2025-10-23,3,0.1542
200144,2024-08-26,2025-06-06,1,0.2139
200145,2024-02-11,2025-07-22,2,0.0276
200146,2024-10-14,2025-09-17,3,0.4454
200147,2024-12-03,2025-06-06,1,0.0342
200148,2024-08-10,2025-09-11,2,0.5625
200149,2024-03-28,2025-06-14,1,0.0481
200150,2024-04-19,2025-09-12,2,0.3024
200151,2024-09-23,2025-06-14,1,0.3168
200152,2024-10-04,2025-10-11,1,0.2396
200153,2024-10-23,2025-08-22,1,0.1936
200154,2024-02-07,2025-11-19,1,0.1033
200155,2024-09-27,2025-06-15,1,0.173
200156,2024-12-16,2025-11-04,1,0.2991
200157,2024-01-12,2025-08-14,1,0.0896
200158,2024-06-06,2025-08-27,2,0.4151
200159,2024-09-25,2025-10-04,4,0.2759
200160,2024-07-12,2025-09-20,2,0.2393
200161,2024-12-16,2025-11-06,1,0.0419
200162,2024-09-03,2025-10-28,1,0.0404
200163,2024-05-14,2025-07-10,1,0.0295
200164,2024-08-15,2025-07-20,1,0.2836
200165,2024-09-16,2025-11-05,1,0.1783
200166,2024-10-12,2025-10-24,1,0.0835
200167,2024-04-10,2025-11-24,1,0.1106
200168,2024-11-30,2025-11-12,4,0.2079
200169,2024-12-30,2025-09-21,1,0.2062
200170,2024-03-19,2025-11-21,1,0.0591
200171,2024-03-17,2025-10-11,1,0.4028
200172,2024-05-20,2025-11-07,1,0.4561
200173,2024-04-21,2025-08-26,3,0.1042
200174,2024-03-09,2025-11-21,1,0.0468
200175,2024-03-02,2025-06-14,1,0.3389
200176,2024-09-16,2025-11-11,1,0.1267
200177,2024-12-14,2025-11-20,1,0.2556
200178,2024-02-04,2025-10-21,1,0.302
200179,2024-07-27,2025-11-18,2,0.1033
200180,2024-04-12,2025-08-15,2,0.135
200181,2024-03-31,2025-07-29,1,0.1159
200182,2024-07-27,2025-06-25,3,0.3674
200183,2024-02-19,2025-07-06,2,0.0998
200184,2024-01-31,2025-11-03,1,0.1788
200185,2024-11-15,2025-06-12,1,0.4031
200186,2024-06-11,2025-07-07,2,0.2651
200187,2024-01-23,2025-08-29,1,0.2039
200188,2024-11-15,2025-08-04,1,0.3484
200189,2024-08-22,2025-11-14,1,0.1028
200190,2024-09-26,2025-06-06,1,0.104
200191,2024-08-10,2025-06-08,1,0.184
200192,2024-06-21,2025-07-19,1,0.4093
200193,2024-10-08,2025-09-19,3,0.4626
200194,2024-05-05,2025-08-04,1,0.252
200195,2024-09-05,2025-10-29,1,0.1586
200196,2024-11-18,2025-06-18,1,0.2129
200197,2024-11-01,2025-08-08,1,0.1485
200198,2024-07-21,2025-09-25,1,0.0972
200199,2024-01-14,2025-09-19,1,0.1299
200200,2024-01-06,2025-09-02,1,0.1574
200201,2024-06-06,2025-08-19,1,0.1704
200202,2024-08-29,2025-06-17,1,0.2498
200203,2024-01-30,2025-06-12,1,0.0933
200204,2024-05-29,2025-06-10,1,0.5095
200205,2024-05-27,2025-08-30,1,0.093
200206,2024-06-16,2025-11-07,1,0.0301
200207,2024-07-23,2025-06-17,1,0.179
200208,2024-04-11,2025-06-12,4,0.244
200209,2024-08-04,2025-10-02,1,0.0445
200210,2024-06-14,2025-08-30,1,0.1146
200211,2024-12-03,2025-07-26,1,0.1825
200212,2024-04-28,2025-06-04,1,0.0699
200213,2024-12-02,2025-10-23,1,0.0931
200214,2024-12-17,2025-09-27,1,0.0776
200215,2024-04-23,2025-09-14,3,0.0435
200216,2024-05-28,2025-07-13,1,0.054
200217,2024-09-12,2025-11-16,2,0.0673
200218,2024-06-16,2025-06-12,1,0.1877
200219,2024-09-17,2025-10-11,1,0.1402
200220,2024-04-04,2025-10-09,1,0.2996
200221,2024-12-15,2025-10-09,1,0.1816
200222,2024-09-11,2025-09-17,2,0.3253
200223,2024-01-31,2025-07-25,2,0.0313
200224,2024-03-29,2025-08-22,1,0.1234
200225,2024-08-13,2025-08-19,1,0.0107
200226,2024-04-16,2025-11-03,1,0.1537
200227,2024-05-28,2025-10-13,1,0.2651
200228,2024-08-23,2025-08-25,2,0.5098
200229,2024-05-06,2025-10-08,1,0.1003
200230,2024-11-26,2025-11-22,1,0.1974
200231,2024-08-13,2025-10-03,1,0.5043
200232,2024-06-02,2025-08-04,1,0.1542
200233,2024-04-12,2025-06-02,1,0.0083
200234,2024-04-17,2025-11-06,1,0.2712
200235,2024-01-14,2025-06-04,1,0.6043
200236,2024-02-01,2025-08-31,4,0.0044
200237,2024-10-10,2025-06-13,3,0.0579
200238,2024-10-07,2025-11-06,1,0.4988
200239,2024-02-01,2025-06-06,2,0.4634
200240,2024-07-20,2025-10-02,1,0.0642
200241,2024-04-29,2025-10-18,1,0.339
200242,2024-09-11,2025-10-10,1,0.244
200243,2024-08-05,2025-09-07,1,0.1195
200244,2024-10-18,2025-09-15,1,0.2233
200245,2024-08-15,2025-08-30,4,0.1409
200246,2024-03-13,2025-10-15,1,0.1853
200247,2024-08-31,2025-06-16,3,0.0832
200248,2024-10-31,2025-11-08,1,0.1985
200249,2024-12-28,2025-10-18,1,0.3576
200250,2024-09-13,2025-11-22,4,0.0471
200251,2024-05-26,2025-06-17,1,0.0729
200252,2024-07-04,2025-07-08,1,0.012
200253,2024-02-20,2025-07-10,1,0.1267
200254,2024-08-20,2025-08-14,2,0.0691
200255,2024-02-20,2025-10-26,1,0.013
200256,2024-04-04,2025-10-20,3,0.0715
200257,2024-07-05,2025-10-03,1,0.3254
200258,2024-06-23,2025-08-11,1,0.4322
200259,2024-05-20,2025-06-17,2,0.4066
200260,2024-08-24,2025-10-03,1,0.3892
200261,2024-11-29,2025-06-14,1,0.1098
200262,2024-12-02,2025-07-07,1,0.1291
200263,2024-07-05,2025-08-13,1,0.4576
200264,2024-07-20,2025-10-18,1,0.243
200265,2024-06-13,2025-09-17,1,0.0759
200266,2024-11-23,2025-06-19,1,0.5509
200267,2024-11-10,2025-07-15,1,0.074
200268,2024-01-20,2025-10-31,2,0.4295
200269,2024-10-17,2025-09-14,2,0.3068
200270,2024-01-11,2025-09-27,1,0.3286
200271,2024-09-17,2025-08-04,1,0.084
200272,2024-05-03,2025-10-25,1,0.127
200273,2024-07-11,2025-09-14,1,0.0731
200274,2024-10-12,2025-06-15,1,0.1924
200275,2024-03-26,2025-10-09,1,0.1072
200276,2024-02-18,2025-07-22,1,0.0466
200277,2024-07-26,2025-10-30,1,0.072
200278,2024-11-01,2025-09-23,1,0.1381
200279,2024-02-12,2025-07-06,3,0.0811
200280,2024-05-21,2025-06-06,1,0.3639
200281,2024-07-14,2025-06-16,1,0.3846
200282,2024-03-23,2025-07-15,1,0.1422
200283,2024-11-06,2025-06-22,1,0.1462
200284,2024-08-06,2025-09-27,1,0.2597
200285,2024-07-06,2025-06-30,1,0.4447
200286,2024-02-20,2025-08-20,1,0.2163
200287,2024-01-25,2025-07-29,1,0.0934
200288,2024-03-01,2025-09-27,1,0.0917
200289,2024-01-12,2025-06-06,1,0.532
200290,2024-07-14,2025-08-12,1,0.0844
200291,2024-11-10,2025-10-28,1,0.0637
200292,2024-10-03,2025-07-15,1,0.4235
200293,2024-03-22,2025-10-31,3,0.1131
200294,2024-03-12,2025-07-01,1,0.2328
200295,2024-07-10,2025-10-07,1,0.2731
200296,2024-10-10,2025-07-21,1,0.0466
200297,2024-10-10,2025-08-04,2,0.1123
200298,2024-07-09,2025-09-02,1,0.0565
200299,2024-04-02,2025-10-06,1,0.0566
200300,2024-06-25,2025-09-03,1,0.0741
200301,2024-09-26,2025-09-12,1,0.0325
200302,2024-11-17,2025-07-23,2,0.4685
200303,2024-01-28,2025-09-28,1,0.1906
200304,2024-10-09,2025-06-13,1,0.2969
200305,2024-09-30,2025-06-16,1,0.1709
200306,2024-03-18,2025-06-29,1,0.4171
200307,2024-01-24,2025-11-05,1,0.0119
200308,2024-04-22,2025-09-19,2,0.0168
200309,2024-04-11,2025-08-02,1,0.1861
200310,2024-02-11,2025-09-21,1,0.1436
200311,2024-04-03,2025-07-19,2,0.2725
200312,2024-03-12,2025-10-10,1,0.141
200313,2024-11-21,2025-08-10,1,0.1959
200314,2024-02-01,2025-09-20,1,0.1753
200315,2024-07-14,2025-07-15,2,0.1662
200316,2024-04-29,2025-06-07,1,0.0186
200317,2024-11-03,2025-11-26,1,0.2933
200318,2024-06-22,2025-09-26,1,0.2814
200319,2024-07-31,2025-09-25,2,0.0897
200320,2024-05-24,2025-09-17,2,0.2012
200321,2024-10-21,2025-11-09,1,0.0532
200322,2024-08-31,2025-06-04,1,0.1177
200323,2024-07-20,2025-11-19,1,0.2293
200324,2024-05-24,2025-08-22,1,0.2947
200325,2024-06-13,2025-09-13,1,0.5024
200326,2024-04-02,2025-11-16,1,0.2212
200327,2024-08-28,2025-10-23,1,0.0938
200328,2024-04-17,2025-08-03,2,0.1363
200329,2024-04-14,2025-11-10,1,0.19
200330,2024-06-19,2025-06-15,2,0.1017
200331,2024-12-01,2025-06-28,1,0.1526
200332,2024-06-09,2025-07-11,1,0.0166
200333,2024-11-27,2025-07-19,1,0.0238
200334,2024-07-11,2025-09-30,3,0.1392
200335,2024-01-27,2025-08-12,1,0.0663
200336,2024-08-01,2025-11-01,1,0.2958
200337,2024-11-30,2025-09-21,1,0.1583
200338,2024-11-17,2025-09-17,5,0.229
200339,2024-03-07,2025-10-17,1,0.1032
200340,2024-04-07,2025-08-13,1,0.1729
200341,2024-09-05,2025-08-02,1,0.3051
200342,2024-06-08,2025-06-20,2,0.2409
200343,2024-10-27,2025-10-30,2,0.3904
200344,2024-07-08,2025-07-12,1,0.0519
200345,2024-03-29,2025-09-26,1,0.4847
200346,2024-05-01,2025-10-21,1,0.0734
200347,2024-02-11,2025-08-06,1,0.0045
200348,2024-04-14,2025-06-30,1,0.026
200349,2024-10-03,2025-10-01,2,0.1476
200350,2024-03-22,2025-07-29,1,0.6027
200351,2024-06-10,2025-11-01,1,0.2618
200352,2024-03-06,2025-08-20,1,0.1352
200353,2024-06-26,2025-07-31,1,0.0292
200354,2024-12-18,2025-10-09,2,0.204
200355,2024-10-05,2025-08-09,1,0.1186
200356,2024-10-05,2025-10-22,1,0.0348
200357,2024-04-02,2025-10-03,1,0.1019
200358,2024-04-22,2025-11-07,1,0.323
200359,2024-02-05,2025-08-17,2,0.4985
200360,2024-12-02,2025-06-16,2,0.3217
200361,2024-12-15,2025-07-02,1,0.03
200362,2024-05-03,2025-06-01,1,0.4153
200363,2024-09-12,2025-11-01,1,0.064
200364,2024-03-18,2025-07-14,1,0.5147
200365,2024-08-26,2025-07-07,1,0.1861
200366,2024-02-04,2025-09-18,1,0.0216
200367,2024-05-01,2025-07-15,2,0.2897
200368,2024-05-23,2025-11-24,1,0.0435
200369,2024-12-29,2025-11-04,2,0.053
200370,2024-06-19,2025-08-21,1,0.0615
200371,2024-03-22,2025-09-24,1,0.1932
200372,2024-01-18,2025-08-09,1,0.0276
200373,2024-03-06,2025-08-17,1,0.0398
200374,2024-03-29,2025-08-26,1,0.2331
200375,2024-04-26,2025-08-08,1,0.1976
200376,2024-02-19,2025-08-18,2,0.3963
200377,2024-09-26,2025-07-03,3,0.1051
200378,2024-05-21,2025-09-26,1,0.3661
200379,2024-03-27,2025-06-13,1,0.5342
200380,2024-07-10,2025-11-11,1,0.1147
200381,2024-04-24,2025-11-11,3,0.3259
200382,2024-09-06,2025-07-08,3,0.0837
200383,2024-07-12,2025-06-09,3,0.0833
200384,2024-12-06,2025-08-26,1,0.4741
200385,2024-08-25,2025-06-12,4,0.0066
200386,2024-05-13,2025-08-12,1,0.0226
200387,2024-02-24,2025-10-14,1,0.0582
200388,2024-02-07,2025-07-26,1,0.2002
200389,2024-08-26,2025-11-08,1,0.3755
200390,2024-01-13,2025-06-03,2,0.004
200391,2024-05-19,2025-10-06,1,0.061
200392,2024-01-08,2025-08-30,2,0.2457
200393,2024-05-06,2025-07-14,1,0.0522
200394,2024-11-18,2025-08-17,1,0.0448
200395,2024-01-29,2025-07-19,2,0.2358
200396,2024-12-21,2025-09-20,1,0.2413
200397,2024-12-21,2025-11-21,1,0.1535
200398,2024-11-11,2025-08-30,1,0.1264
200399,2024-09-09,2025-10-05,2,0.3022
200400,2024-03-06,2025-09-19,3,0.2614
200401,2024-02-06,2025-10-28,2,0.3188
200402,2024-12-01,2025-09-10,1,0.3792
200403,2024-05-13,2025-08-20,2,0.227
200404,2024-06-13,2025-06-22,1,0.184
200405,2024-01-30,2025-10-18,1,0.2147
200406,2024-01-22,2025-11-09,1,0.0686
200407,2024-07-16,2025-11-24,3,0.3224
200408,2024-05-28,2025-10-10,1,0.3998
200409,2024-09-12,2025-08-04,4,0.0621
200410,2024-10-31,2025-10-05,2,0.0851
200411,2024-01-21,2025-07-28,1,0.1832
200412,2024-12-20,2025-11-09,1,0.1844
200413,2024-12-02,2025-06-08,1,0.081
200414,2024-07-28,2025-11-09,1,0.5279
200415,2024-05-16,2025-10-11,1,0.4847
200416,2024-03-01,2025-11-08,2,0.0628
200417,2024-03-26,2025-07-14,1,0.2842
200418,2024-09-12,2025-08-31,2,0.3105
200419,2024-02-17,2025-07-16,1,0.2614
200420,2024-12-18,2025-10-06,2,0.0702
200421,2024-02-23,2025-09-22,2,0.3739
200422,2024-10-02,2025-10-03,1,0.3115
200423,2024-11-06,2025-10-11,1,0.0447
200424,2024-04-17,2025-06-09,5,0.0777
200425,2024-06-24,2025-08-13,2,0.1406
200426,2024-07-29,2025-07-16,2,0.275
200427,2024-10-18,2025-11-18,1,0.0575
200428,2024-01-19,2025-09-04,2,0.0198
200429,2024-03-23,2025-06-30,1,0.0758
200430,2024-02-24,2025-08-10,1,0.4324
200431,2024-04-26,2025-09-03,1,0.0847
200432,2024-09-02,2025-07-29,1,0.1087
200433,2024-05-30,2025-09-20,1,0.1278
200434,2024-06-28,2025-10-17,1,0.055
200435,2024-06-14,2025-09-20,1,0.4723
200436,2024-01-02,2025-09-13,1,0.4579
200437,2024-02-05,2025-09-27,1,0.0304
200438,2024-03-23,2025-07-22,1,0.0302
200439,2024-01-17,2025-09-23,1,0.0018
200440,2024-10-27,2025-06-10,5,0.1297
200441,2024-12-29,2025-10-21,1,0.2527
200442,2024-06-25,2025-08-08,1,0.2419
200443,2024-08-31,2025-10-25,4,0.5272
200444,2024-01-21,2025-07-16,3,0.4519
200445,2024-01-20,2025-11-23,1,0.2066
200446,2024-08-08,2025-09-02,1,0.1025
200447,2024-10-08,2025-11-17,1,0.154
200448,2024-12-05,2025-07-23,1,0.0759
200449,2024-05-11,2025-09-02,2,0.0774
200450,2024-06-01,2025-10-07,4,0.2341
200451,2024-10-17,2025-10-06,1,0.2651
200452,2024-02-21,2025-07-16,1,0.1185
200453,2024-12-12,2025-08-12,2,0.2792
200454,2024-04-18,2025-07-12,2,0.0301
200455,2024-01-10,2025-09-26,1,0.1097
200456,2024-10-15,2025-08-14,1,0.1265
200457,2024-12-17,2025-06-02,1,0.0985
200458,2024-06-24,2025-07-23,1,0.0707
200459,2024-03-01,2025-08-06,1,0.1767
200460,2024-02-25,2025-09-09,1,0.2188
200461,2024-04-18,2025-11-12,1,0.19
200462,2024-07-13,2025-11-25,1,0.3438
200463,2024-08-16,2025-09-30,1,0.0775
200464,2024-09-11,2025-11-10,1,0.3371
200465,2024-09-18,2025-06-04,1,0.2165
200466,2024-03-28,2025-11-02,1,0.0451
200467,2024-03-03,2025-09-03,4,0.2897
200468,2024-12-13,2025-08-07,2,0.3783
200469,2024-02-19,2025-08-05,1,0.1036
200470,2024-07-05,2025-08-02,1,0.321
200471,2024-04-14,2025-10-24,1,0.3232
200472,2024-09-23,2025-08-22,1,0.3104
200473,2024-04-28,2025-06-21,1,0.3754
200474,2024-02-06,2025-11-10,3,0.3186
200475,2024-04-26,2025-09-17,1,0.2548
200476,2024-02-06,2025-08-10,2,0.526
200477,2024-03-03,2025-10-07,1,0.5207
200478,2024-06-21,2025-08-03,1,0.4143
200479,2024-12-20,2025-09-16,2,0.2264
200480,2024-03-15,2025-06-02,1,0.4751
200481,2024-10-18,2025-07-20,1,0.035
200482,2024-07-08,2025-08-01,2,0.0561
200483,2024-12-23,2025-10-21,1,0.1126
200484,2024-07-08,2025-10-14,1,0.0425
200485,2024-02-07,2025-10-21,2,0.1275
200486,2024-05-29,2025-08-26,1,0.2531
200487,2024-01-28,2025-08-04,3,0.2037
200488,2024-03-22,2025-09-04,1,0.3541
200489,2024-07-14,2025-07-19,1,0.1333
200490,2024-11-24,2025-09-04,1,0.1964
200491,2024-08-12,2025-09-28,1,0.5103
200492,2024-05-13,2025-11-22,4,0.1889
200493,2024-08-19,2025-08-06,1,0.0472
200494,2024-03-30,2025-06-21,1,0.4915
200495,2024-02-04,2025-08-02,1,0.2138
200496,2024-09-24,2025-10-27,1,0.0353
200497,2024-11-03,2025-08-21,1,0.1527
200498,2024-08-11,2025-08-14,1,0.0352
200499,2024-06-27,2025-08-22,1,0.0121
200500,2024-06-16,2025-07-16,1,0.1915
200501,2024-05-14,2025-10-28,4,0.0713
200502,2024-12-20,2025-09-29,1,0.4579
200503,2024-07-03,2025-11-19,2,0.1931
200504,2024-11-14,2025-06-18,1,0.1065
200505,2024-01-15,2025-10-07,1,0.3711
200506,2024-05-08,2025-06-15,1,0.0275
200507,2024-03-19,2025-06-16,1,0.1177
200508,2024-02-12,2025-10-31,2,0.2943
200509,2024-12-30,2025-07-31,2,0.2208
200510,2024-01-19,2025-07-27,1,0.4421
200511,2024-07-20,2025-07-05,2,0.4071
200512,2024-03-20,2025-06-20,1,0.0456
200513,2024-01-29,2025-09-28,1,0.0764
200514,2024-12-24,2025-09-03,1,0.1194
200515,2024-04-16,2025-09-16,3,0.8383
200516,2024-05-08,2025-06-28,1,0.0828
200517,2024-03-08,2025-11-24,1,0.0262
200518,2024-09-07,2025-06-02,2,0.3451
200519,2024-12-03,2025-08-20,1,0.2588
200520,2024-05-03,2025-09-02,1,0.0693
200521,2024-10-21,2025-06-19,1,0.0146
200522,2024-05-29,2025-09-13,1,0.0892
200523,2024-07-18,2025-09-16,1,0.1385
200524,2024-10-19,2025-09-04,1,0.6857
200525,2024-12-13,2025-08-06,1,0.0803
200526,2024-08-10,2025-11-15,1,0.0618
200527,2024-05-16,2025-07-03,1,0.1616
200528,2024-06-20,2025-10-12,1,0.1494
200529,2024-11-11,2025-08-06,2,0.3445
200530,2024-05-08,2025-08-09,1,0.2258
200531,2024-06-19,2025-07-13,1,0.1428
200532,2024-10-09,2025-09-30,1,0.088
200533,2024-11-05,2025-07-06,1,0.2691
200534,2024-06-12,2025-08-07,1,0.0541
200535,2024-11-24,2025-08-27,2,0.0202
200536,2024-11-10,2025-06-02,1,0.0195
200537,2024-06-17,2025-10-24,2,0.2627
200538,2024-04-11,2025-07-30,1,0.2731
200539,2024-03-05,2025-11-07,2,0.1919
200540,2024-02-14,2025-09-25,1,0.2242
200541,2024-03-11,2025-07-17,1,0.0839
200542,2024-01-26,2025-09-28,1,0.124
200543,2024-04-15,2025-08-20,2,0.0212
200544,2024-12-27,2025-08-27,1,0.5569
200545,2024-03-22,2025-10-30,2,0.1269
200546,2024-05-20,2025-09-24,1,0.6771
200547,2024-05-21,2025-11-25,2,0.1778
200548,2024-07-08,2025-11-15,1,0.1281
200549,2024-07-03,2025-10-31,1,0.0762
200550,2024-07-31,2025-08-23,1,0.0168
200551,2024-02-01,2025-08-28,1,0.2206
200552,2024-04-27,2025-11-06,1,0.0474
200553,2024-11-28,2025-11-04,1,0.0971
200554,2024-12-22,2025-08-06,1,0.0481
200555,2024-01-01,2025-10-06,1,0.1008
200556,2024-08-18,2025-09-16,1,0.0322
200557,2024-02-20,2025-06-21,1,0.07
200558,2024-07-14,2025-06-23,1,0.2943
200559,2024-01-04,2025-06-16,3,0.0973
200560,2024-10-02,2025-07-17,1,0.0596
200561,2024-12-26,2025-11-16,2,0.1689
200562,2024-02-14,2025-07-28,1,0.0306
200563,2024-05-29,2025-11-14,1,0.5994
200564,2024-03-11,2025-08-19,1,0.3905
200565,2024-03-12,2025-08-22,1,0.0602
200566,2024-10-16,2025-07-17,1,0.3035
200567,2024-02-13,2025-09-28,1,0.0642
200568,2024-02-15,2025-09-15,1,0.1548
200569,2024-05-15,2025-07-25,1,0.1624
200570,2024-04-22,2025-10-20,3,0.2105
200571,2024-12-22,2025-10-05,1,0.2037
200572,2024-05-23,2025-10-07,1,0.0709
200573,2024-07-19,2025-08-20,1,0.2449
200574,2024-02-07,2025-09-25,1,0.0127
200575,2024-05-09,2025-08-02,2,0.1691
200576,2024-03-16,2025-11-27,2,0.1016
200577,2024-05-13,2025-08-19,1,0.1074
200578,2024-04-20,2025-07-20,3,0.3587
200579,2024-02-12,2025-08-21,1,0.5119
200580,2024-07-21,2025-11-17,1,0.4109
200581,2024-07-07,2025-11-17,1,0.1849
200582,2024-07-08,2025-08-04,1,0.3029
200583,2024-06-03,2025-11-07,1,0.1839
200584,2024-07-10,2025-07-26,1,0.1072
200585,2024-09-23,2025-07-05,1,0.032
200586,2024-04-05,2025-07-10,1,0.0866
200587,2024-03-11,2025-07-21,3,0.303
200588,2024-09-04,2025-07-23,2,0.1335
200589,2024-02-20,2025-07-24,1,0.0936
200590,2024-05-08,2025-08-08,2,0.0897
200591,2024-07-31,2025-06-03,1,0.2124
200592,2024-08-01,2025-08-07,1,0.2466
200593,2024-09-27,2025-09-04,3,0.1097
200594,2024-06-21,2025-08-12,1,0.4507
200595,2024-06-30,2025-08-26,1,0.0698
200596,2024-01-17,2025-07-11,2,0.1276
200597,2024-10-15,2025-06-23,1,0.4033
200598,2024-03-27,2025-11-10,1,0.0152
200599,2024-11-02,2025-11-26,2,0.0693
200600,2024-08-23,2025-08-13,1,0.2741
200601,2024-11-30,2025-10-16,1,0.1958
200602,2024-11-15,2025-06-26,3,0.0458
200603,2024-05-18,2025-07-03,2,0.1471
200604,2024-05-23,2025-09-02,2,0.0621
200605,2024-11-26,2025-10-05,1,0.5416
200606,2024-11-18,2025-10-05,2,0.029
200607,2024-09-15,2025-08-01,1,0.1884
200608,2024-12-03,2025-11-05,1,0.3493
200609,2024-08-16,2025-09-22,1,0.141
200610,2024-01-10,2025-07-28,1,0.4561
200611,2024-07-21,2025-08-24,1,0.2438
200612,2024-05-15,2025-07-24,3,0.406
200613,2024-01-08,2025-06-25,1,0.1902
200614,2024-07-21,2025-06-02,1,0.3716
200615,2024-07-23,2025-08-22,1,0.1296
200616,2024-09-24,2025-06-02,1,0.2167
200617,2024-10-11,2025-11-21,1,0.1108
200618,2024-04-27,2025-11-05,2,0.4751
200619,2024-12-26,2025-10-13,1,0.0885
200620,2024-06-10,2025-10-14,1,0.0428
200621,2024-06-07,2025-09-21,1,0.3858
200622,2024-03-06,2025-10-10,1,0.2387
200623,2024-12-27,2025-10-30,1,0.1586
200624,2024-05-23,2025-09-01,1,0.0553
200625,2024-03-03,2025-10-28,1,0.1584
200626,2024-11-04,2025-07-13,1,0.2554
200627,2024-12-15,2025-11-07,1,0.3306
200628,2024-03-19,2025-10-06,1,0.2347
200629,2024-08-03,2025-06-20,1,0.0463
200630,2024-11-26,2025-07-03,1,0.0953
200631,2024-08-29,2025-06-24,1,0.0313
200632,2024-06-08,2025-07-14,1,0.0558
200633,2024-07-28,2025-10-22,1,0.2517
200634,2024-02-07,2025-10-27,1,0.1065
200635,2024-12-24,2025-11-27,2,0.5682
200636,2024-07-06,2025-06-24,1,0.0359
200637,2024-01-17,2025-09-10,3,0.1091
200638,2024-05-03,2025-10-26,1,0.2891
200639,2024-05-29,2025-11-21,2,0.2045
200640,2024-12-29,2025-06-18,4,0.0207
200641,2024-11-15,2025-09-28,1,0.1801
200642,2024-04-20,2025-06-15,1,0.2712
200643,2024-03-01,2025-06-16,1,0.2888
200644,2024-01-16,2025-10-29,1,0.1042
200645,2024-07-26,2025-11-14,2,0.337
200646,2024-06-11,2025-07-04,1,0.6612
200647,2024-07-10,2025-10-30,2,0.2935
200648,2024-04-09,2025-11-12,2,0.1353
200649,2024-10-21,2025-09-05,1,0.8437
200650,2024-07-07,2025-07-01,1,0.0397
200651,2024-12-01,2025-10-12,2,0.353
200652,2024-03-28,2025-09-07,1,0.0357
200653,2024-04-04,2025-08-03,2,0.0511
200654,2024-08-01,2025-11-03,1,0.1836
200655,2024-09-09,2025-09-19,1,0.1942
200656,2024-04-17,2025-07-18,1,0.0639
200657,2024-07-18,2025-08-14,1,0.3558
200658,2024-07-05,2025-07-26,1,0.097
200659,2024-08-29,2025-09-03,1,0.4428
200660,2024-08-20,2025-07-19,1,0.2789
200661,2024-03-14,2025-09-23,3,0.0157
200662,2024-02-11,2025-08-20,2,0.0804
200663,2024-04-09,2025-06-10,2,0.2198
200664,2024-02-16,2025-06-02,3,0.4076
200665,2024-07-19,2025-06-18,2,0.2969
200666,2024-07-05,2025-06-29,1,0.0919
200667,2024-01-02,2025-06-15,1,0.1085
200668,2024-10-28,2025-09-28,1,0.1154
200669,2024-09-18,2025-09-16,1,0.0562
200670,2024-06-19,2025-06-04,2,0.318
200671,2024-02-28,2025-08-14,1,0.105
200672,2024-02-28,2025-07-23,2,0.2332
200673,2024-12-05,2025-08-30,1,0.3705
200674,2024-03-27,2025-09-14,3,0.2033
200675,2024-11-10,2025-08-30,1,0.2509
200676,2024-08-30,2025-08-11,1,0.2799
200677,2024-08-15,2025-06-08,3,0.3427
200678,2024-11-01,2025-10-21,1,0.3085
200679,2024-11-21,2025-10-22,2,0.1598
200680,2024-04-08,2025-11-02,1,0.3332
200681,2024-12-26,2025-10-05,2,0.1843
200682,2024-02-16,2025-07-29,1,0.126
200683,2024-10-09,2025-10-02,2,0.1783
200684,2024-05-20,2025-11-10,1,0.3936
200685,2024-08-16,2025-06-07,1,0.0935
200686,2024-10-31,2025-08-31,1,0.2376
200687,2024-06-12,2025-09-26,1,0.0539
200688,2024-01-30,2025-11-25,1,0.3908
200689,2024-10-23,2025-08-30,1,0.0337
200690,2024-02-18,2025-11-06,2,0.0716
200691,2024-09-14,2025-10-15,1,0.2042
200692,2024-06-09,2025-10-21,1,0.0452
200693,2024-06-21,2025-06-18,1,0.0605
200694,2024-04-05,2025-08-30,1,0.338
200695,2024-07-01,2025-10-13,2,0.0219
200696,2024-03-09,2025-06-23,5,0.1331
200697,2024-03-24,2025-11-21,1,0.1581
200698,2024-06-21,2025-10-02,4,0.2248
200699,2024-10-14,2025-11-01,1,0.2338
200700,2024-07-06,2025-09-22,1,0.0307
200701,2024-11-16,2025-11-08,1,0.1009
200702,2024-04-10,2025-11-10,1,0.1155
200703,2024-01-07,2025-06-14,4,0.112
200704,2024-04-22,2025-11-16,1,0.4323
200705,2024-02-10,2025-09-04,1,0.2118
200706,2024-07-09,2025-08-27,1,0.16
200707,2024-12-27,2025-07-15,1,0.2556
200708,2024-06-27,2025-08-12,1,0.5587
200709,2024-03-06,2025-09-07,1,0.122
200710,2024-08-01,2025-09-04,2,0.0572
200711,2024-09-25,2025-10-06,1,0.2779
200712,2024-11-13,2025-10-01,1,0.1193
200713,2024-06-24,2025-10-13,1,0.0032
200714,2024-06-03,2025-09-13,3,0.3552
200715,2024-07-09,2025-11-26,3,0.6504
200716,2024-03-19,2025-11-06,3,0.1495
200717,2024-02-09,2025-11-20,1,0.1317
200718,2024-10-08,2025-10-09,1,0.2167
200719,2024-02-20,2025-07-15,2,0.3184
200720,2024-09-08,2025-11-21,1,0.2518
200721,2024-07-29,2025-11-12,1,0.0906
200722,2024-06-21,2025-07-24,3,0.4341
200723,2024-05-17,2025-11-07,1,0.122
200724,2024-12-25,2025-09-02,1,0.0062
200725,2024-10-18,2025-10-09,1,0.5654
200726,2024-02-29,2025-08-01,1,0.0711
200727,2024-12-20,2025-07-17,4,0.187
200728,2024-02-17,2025-08-12,1,0.4966
200729,2024-10-23,2025-07-04,1,0.0719
200730,2024-06-04,2025-06-26,1,0.3938
200731,2024-05-28,2025-08-18,1,0.1439
200732,2024-07-03,2025-11-18,2,0.1215
200733,2024-06-24,2025-06-08,1,0.0735
200734,2024-02-16,2025-07-29,1,0.1752
200735,2024-02-27,2025-07-22,1,0.0825
200736,2024-09-25,2025-07-08,1,0.1561
200737,2024-09-10,2025-06-14,1,0.1392
200738,2024-05-23,2025-07-02,3,0.1806
200739,2024-06-12,2025-09-03,2,0.0903
200740,2024-05-19,2025-08-16,1,0.1119
200741,2024-11-08,2025-09-19,2,0.2249
200742,2024-01-26,2025-11-02,2,0.2325
200743,2024-08-25,2025-06-21,2,0.4087
200744,2024-04-22,2025-07-30,2,0.0098
200745,2024-03-03,2025-11-05,4,0.2846
200746,2024-02-27,2025-07-13,1,0.2409
200747,2024-05-30,2025-06-18,1,0.2009
200748,2024-02-22,2025-07-14,4,0.0028
200749,2024-09-04,2025-08-11,1,0.4166
200750,2024-04-29,2025-07-17,1,0.1594
200751,2024-11-09,2025-08-30,1,0.1875
200752,2024-02-23,2025-07-07,1,0.0382
200753,2024-05-08,2025-09-13,4,0.0752
200754,2024-05-19,2025-11-03,1,0.0838
200755,2024-09-01,2025-07-28,1,0.2879
200756,2024-04-18,2025-09-06,1,0.363
200757,2024-03-04,2025-10-07,4,0.1258
200758,2024-05-28,2025-06-12,1,0.1086
200759,2024-11-26,2025-08-01,3,0.1449
200760,2024-10-24,2025-09-23,1,0.1572
200761,2024-07-28,2025-07-16,3,0.0626
200762,2024-12-29,2025-08-14,1,0.0388
200763,2024-10-07,2025-08-21,2,0.3593
200764,2024-10-06,2025-11-16,1,0.1114
200765,2024-05-24,2025-06-21,1,0.3009
200766,2024-06-29,2025-09-23,1,0.0318
200767,2024-12-09,2025-11-21,2,0.0969
200768,2024-12-04,2025-11-10,1,0.1841
200769,2024-09-19,2025-09-08,1,0.1353
200770,2024-02-05,2025-08-09,1,0.0879
200771,2024-02-26,2025-06-26,2,0.3248
200772,2024-06-15,2025-07-18,1,0.0596
200773,2024-07-19,2025-10-22,1,0.1563
200774,2024-08-15,2025-06-05,1,0.237
200775,2024-04-09,2025-10-08,1,0.1807
200776,2024-10-11,2025-11-15,1,0.3258
200777,2024-10-31,2025-08-17,1,0.1133
200778,2024-03-17,2025-10-24,3,0.1462
200779,2024-10-12,2025-11-25,1,0.1452
200780,2024-02-25,2025-10-16,1,0.3133
200781,2024-06-29,2025-08-30,1,0.0626
200782,2024-11-16,2025-09-10,1,0.2947
200783,2024-04-20,2025-07-09,1,0.0485
200784,2024-09-07,2025-06-24,1,0.0547
200785,2024-11-07,2025-10-21,2,0.0753
200786,2024-06-28,2025-09-02,1,0.2204
200787,2024-11-06,2025-11-15,2,0.0977
200788,2024-08-20,2025-10-12,3,0.0596
200789,2024-07-03,2025-07-18,4,0.0748
200790,2024-02-13,2025-11-21,1,0.121
200791,2024-09-18,2025-06-02,1,0.2123
200792,2024-04-23,2025-06-18,3,0.201
200793,2024-04-14,2025-09-18,2,0.3129
200794,2024-12-01,2025-09-17,1,0.2519
200795,2024-05-07,2025-10-10,2,0.1173
200796,2024-05-11,2025-09-25,2,0.0029
200797,2024-12-10,2025-07-17,2,0.1339
200798,2024-04-15,2025-06-27,1,0.2404
200799,2024-09-25,2025-11-21,1,0.1466
200800,2024-07-08,2025-07-31,1,0.069
200801,2024-01-27,2025-07-01,1,0.1818
200802,2024-07-31,2025-06-13,2,0.2773
200803,2024-06-16,2025-10-23,1,0.2604
200804,2024-09-21,2025-10-31,1,0.306
200805,2024-05-24,2025-11-05,2,0.1677
200806,2024-03-28,2025-11-01,1,0.1071
200807,2024-03-25,2025-07-01,1,0.2429
200808,2024-07-11,2025-06-03,2,0.1459
200809,2024-12-29,2025-08-30,2,0.395
200810,2024-06-13,2025-08-31,2,0.3852
200811,2024-02-19,2025-06-06,1,0.1273
200812,2024-10-27,2025-11-05,1,0.2524
200813,2024-04-24,2025-09-24,1,0.0304
200814,2024-06-03,2025-10-01,1,0.0649
200815,2024-11-05,2025-09-07,1,0.2742
200816,2024-02-10,2025-11-26,1,0.3714
200817,2024-02-18,2025-10-19,1,0.041
200818,2024-03-14,2025-09-13,1,0.0691
200819,2024-05-17,2025-08-30,2,0.0144
200820,2024-11-09,2025-10-29,3,0.1264
200821,2024-08-19,2025-08-03,1,0.1525
200822,2024-10-10,2025-11-02,2,0.2117
200823,2024-05-02,2025-06-25,1,0.268
200824,2024-05-30,2025-06-07,1,0.3692
200825,2024-05-29,2025-06-10,1,0.3154
200826,2024-02-11,2025-08-05,2,0.0369
200827,2024-07-19,2025-09-04,1,0.0021
200828,2024-05-01,2025-11-09,1,0.0298
200829,2024-12-13,2025-11-13,1,0.1387
200830,2024-09-09,2025-06-06,1,0.1676
200831,2024-11-13,2025-10-16,1,0.0495
200832,2024-03-12,2025-07-07,1,0.0736
200833,2024-02-10,2025-08-10,2,0.2025
200834,2024-06-08,2025-11-02,1,0.0609
200835,2024-07-26,2025-11-25,1,0.4206
200836,2024-07-23,2025-10-21,2,0.2419
200837,2024-08-26,2025-07-04,1,0.0291
200838,2024-10-30,2025-06-07,1,0.0373
200839,2024-04-28,2025-11-27,1,0.3485
200840,2024-04-16,2025-07-13,1,0.1493
200841,2024-04-06,2025-07-12,2,0.351
200842,2024-05-12,2025-09-02,3,0.4746
200843,2024-08-06,2025-07-01,1,0.1654
200844,2024-10-20,2025-09-28,1,0.1178
200845,2024-05-31,2025-11-02,1,0.0358
200846,2024-06-01,2025-08-02,1,0.2971
200847,2024-11-26,2025-08-24,2,0.219
200848,2024-05-05,2025-11-09,1,0.1029
200849,2024-02-29,2025-11-08,1,0.1652
200850,2024-05-05,2025-06-17,1,0.6099
200851,2024-01-15,2025-10-13,1,0.2377
200852,2024-05-13,2025-06-04,2,0.2113
200853,2024-11-24,2025-06-29,1,0.2304
200854,2024-10-22,2025-09-21,1,0.1091
200855,2024-11-23,2025-06-22,1,0.1052
200856,2024-04-19,2025-07-04,1,0.1918
200857,2024-06-01,2025-08-20,1,0.0971
200858,2024-11-05,2025-08-14,1,0.1114
200859,2024-10-02,2025-09-10,1,0.2967
200860,2024-03-08,2025-11-13,2,0.1576
200861,2024-11-04,2025-08-16,1,0.2166
200862,2024-02-07,2025-07-26,4,0.233
200863,2024-04-03,2025-07-09,1,0.1673
200864,2024-07-13,2025-11-05,1,0.1944
200865,2024-08-26,2025-07-10,1,0.2402
200866,2024-10-18,2025-06-01,3,0.0855
200867,2024-09-26,2025-08-31,1,0.0482
200868,2024-04-13,2025-10-10,1,0.3419
200869,2024-05-10,2025-06-03,1,0.2722
200870,2024-09-20,2025-09-23,1,0.1638
200871,2024-12-11,2025-08-19,1,0.1022
200872,2024-11-12,2025-10-18,1,0.2783
200873,2024-12-19,2025-06-06,1,0.2133
200874,2024-09-03,2025-11-09,1,0.0924
200875,2024-06-26,2025-11-05,2,0.0244
200876,2024-10-06,2025-10-02,1,0.0604
200877,2024-01-28,2025-09-20,1,0.1911
200878,2024-12-07,2025-10-05,5,0.302
200879,2024-12-01,2025-06-29,1,0.2392
200880,2024-07-03,2025-11-09,1,0.1665
200881,2024-07-09,2025-10-17,1,0.0999
200882,2024-07-12,2025-10-14,1,0.1205
200883,2024-02-20,2025-08-28,1,0.5623
200884,2024-03-16,2025-06-26,2,0.0969
200885,2024-09-24,2025-08-31,1,0.1585
200886,2024-01-12,2025-09-07,1,0.0763
200887,2024-09-07,2025-07-17,1,0.2598
200888,2024-04-21,2025-11-14,1,0.0036
200889,2024-02-21,2025-08-10,1,0.3652
200890,2024-08-05,2025-11-19,1,0.0944
200891,2024-04-10,2025-11-06,3,0.2484
200892,2024-06-12,2025-06-14,1,0.1872
200893,2024-11-11,2025-06-27,1,0.2542
200894,2024-09-11,2025-08-10,2,0.4042
200895,2024-12-19,2025-09-21,1,0.0637
200896,2024-05-24,2025-06-21,1,0.1
200897,2024-05-27,2025-07-10,3,0.598
200898,2024-09-07,2025-11-02,1,0.3066
200899,2024-02-19,2025-08-20,1,0.2395
200900,2024-11-08,2025-09-09,2,0.0739
200901,2024-05-08,2025-09-04,1,0.1553
200902,2024-06-20,2025-11-22,1,0.3532
200903,2024-07-04,2025-06-22,1,0.2617
200904,2024-01-25,2025-09-02,1,0.2436
200905,2024-04-19,2025-06-15,1,0.211
200906,2024-02-20,2025-06-09,1,0.5348
200907,2024-08-11,2025-08-27,1,0.2295
200908,2024-09-14,2025-11-10,1,0.1396
200909,2024-01-03,2025-08-13,1,0.1344
200910,2024-01-03,2025-10-08,1,0.2493
200911,2024-10-25,2025-11-13,2,0.0636
200912,2024-05-02,2025-06-02,1,0.2773
200913,2024-11-04,2025-10-04,1,0.1994
200914,2024-08-28,2025-11-09,1,0.1171
200915,2024-10-12,2025-11-09,1,0.0473
200916,2024-05-20,2025-10-11,1,0.1243
200917,2024-04-20,2025-11-15,1,0.0309
200918,2024-09-20,2025-09-17,1,0.0327
200919,2024-08-18,2025-06-04,1,0.1318
200920,2024-07-27,2025-11-24,1,0.2495
200921,2024-05-13,2025-11-06,1,0.1946
200922,2024-08-12,2025-07-05,1,0.1294
200923,2024-05-22,2025-11-20,1,0.2237
200924,2024-11-20,2025-09-26,1,0.3723
200925,2024-09-15,2025-08-21,1,0.1708
200926,2024-05-24,2025-10-26,1,0.1094
200927,2024-11-03,2025-09-23,2,0.2305
200928,2024-01-26,2025-10-21,1,0.063
200929,2024-10-30,2025-08-02,1,0.3814
200930,2024-05-31,2025-08-10,1,0.0402
200931,2024-03-25,2025-06-18,1,0.0237
200932,2024-10-30,2025-11-08,1,0.1596
200933,2024-08-28,2025-07-18,4,0.147
200934,2024-01-28,2025-06-25,1,0.1356
200935,2024-04-07,2025-06-15,1,0.2022
200936,2024-06-13,2025-08-09,1,0.2123
200937,2024-08-17,2025-08-27,2,0.0835
200938,2024-10-21,2025-10-29,1,0.1091
200939,2024-05-14,2025-09-26,2,0.0637
200940,2024-10-22,2025-10-24,1,0.0756
200941,2024-10-15,2025-06-01,2,0.1827
200942,2024-05-18,2025-06-06,3,0.3716
200943,2024-12-08,2025-07-12,1,0.378
200944,2024-12-10,2025-08-09,4,0.3799
200945,2024-04-15,2025-06-14,3,0.0352
200946,2024-07-22,2025-11-04,1,0.1059
200947,2024-11-13,2025-11-21,1,0.0488
200948,2024-07-15,2025-08-27,1,0.0559
200949,2024-09-27,2025-10-23,2,0.0978
200950,2024-10-18,2025-07-05,1,0.0717
200951,2024-07-25,2025-06-06,1,0.2761
200952,2024-05-11,2025-11-09,1,0.1403
200953,2024-07-10,2025-10-25,2,0.1443
200954,2024-10-30,2025-10-15,1,0.5947
200955,2024-04-26,2025-10-27,1,0.1338
200956,2024-11-04,2025-10-06,1,0.2914
200957,2024-03-15,2025-10-23,2,0.2012
200958,2024-06-17,2025-11-22,2,0.1601
200959,2024-01-31,2025-11-06,1,0.2314
200960,2024-11-07,2025-11-08,2,0.0473
200961,2024-09-17,2025-08-24,2,0.1116
200962,2024-02-13,2025-10-26,1,0.3442
200963,2024-03-22,2025-07-14,1,0.5434
200964,2024-07-11,2025-07-27,1,0.0151
200965,2024-06-29,2025-11-04,1,0.1163
200966,2024-02-11,2025-08-05,2,0.0849
200967,2024-11-20,2025-10-29,1,0.0125
200968,2024-06-17,2025-08-29,1,0.0844
200969,2024-09-01,2025-07-20,1,0.058
200970,2024-10-01,2025-08-14,1,0.4337
200971,2024-03-02,2025-09-13,1,0.0903
200972,2024-05-01,2025-06-12,1,0.3881
200973,2024-09-25,2025-09-09,2,0.1644
200974,2024-10-09,2025-06-19,1,0.1158
200975,2024-03-19,2025-08-27,1,0.2324
200976,2024-04-26,2025-07-29,1,0.0675
200977,2024-10-11,2025-09-18,1,0.2113
200978,2024-05-05,2025-10-30,1,0.3404
200979,2024-01-29,2025-06-16,1,0.2301
200980,2024-06-30,2025-06-16,2,0.2355
200981,2024-02-21,2025-08-21,1,0.3272
200982,2024-08-04,2025-10-14,2,0.5119
200983,2024-12-06,2025-07-21,1,0.12
200984,2024-02-06,2025-10-19,1,0.0785
200985,2024-04-12,2025-06-01,1,0.0521
200986,2024-07-25,2025-07-24,1,0.2868
200987,2024-02-24,2025-09-02,1,0.0586
200988,2024-07-14,2025-09-21,1,0.1638
200989,2024-03-19,2025-08-05,1,0.1087
200990,2024-08-20,2025-11-06,1,0.4603
200991,2024-05-11,2025-08-17,1,0.094
200992,2024-12-03,2025-09-23,2,0.4464
200993,2024-11-01,2025-06-21,3,0.4474
200994,2024-12-28,2025-11-15,1,0.2581
200995,2024-02-25,2025-08-31,1,0.0039
200996,2024-12-12,2025-08-24,1,0.3243
200997,2024-01-06,2025-07-19,2,0.2589
200998,2024-03-20,2025-09-18,3,0.0476
200999,2024-11-11,2025-06-01,1,0.1538
201000,2024-11-10,2025-08-21,1,0.2534
201001,2024-04-19,2025-10-19,1,0.248
201002,2024-11-03,2025-10-18,1,0.1838
201003,2024-01-29,2025-09-22,1,0.3064
201004,2024-05-02,2025-08-07,1,0.0048
201005,2024-01-11,2025-09-04,1,0.3457
201006,2024-07-07,2025-07-01,1,0.2241
201007,2024-11-24,2025-09-20,1,0.069
201008,2024-08-11,2025-07-09,2,0.1866
201009,2024-07-09,2025-07-29,1,0.337
201010,2024-03-13,2025-10-11,2,0.1434
201011,2024-08-10,2025-06-23,1,0.2027
201012,2024-04-28,2025-07-30,1,0.0443
201013,2024-08-12,2025-08-04,1,0.3596
201014,2024-02-17,2025-11-18,1,0.3042
201015,2024-07-09,2025-10-20,1,0.3815
201016,2024-06-30,2025-08-07,1,0.3558
201017,2024-10-07,2025-09-18,2,0.0911
201018,2024-11-27,2025-07-14,1,0.3669
201019,2024-11-26,2025-10-21,1,0.2551
201020,2024-05-04,2025-08-02,1,0.4967
201021,2024-08-21,2025-11-10,1,0.1808
201022,2024-08-26,2025-11-08,2,0.1004
201023,2024-11-04,2025-07-15,1,0.3692
201024,2024-10-21,2025-08-13,1,0.2728
201025,2024-01-04,2025-11-12,1,0.0173
201026,2024-10-19,2025-06-18,2,0.2476
201027,2024-06-24,2025-09-28,1,0.1574
201028,2024-12-12,2025-09-01,1,0.2606
201029,2024-08-08,2025-09-09,1,0.2976
201030,2024-05-21,2025-09-12,1,0.0446
201031,2024-03-14,2025-08-30,1,0.4401
201032,2024-12-12,2025-08-01,1,0.1705
201033,2024-02-28,2025-08-24,1,0.1884
201034,2024-02-02,2025-11-24,1,0.055
201035,2024-02-19,2025-06-14,1,0.1596
201036,2024-07-20,2025-06-29,1,0.4454
201037,2024-04-13,2025-06-10,3,0.1613
201038,2024-07-31,2025-09-21,2,0.5481
201039,2024-10-27,2025-07-30,1,0.1364
201040,2024-04-16,2025-06-09,1,0.0316
201041,2024-01-11,2025-07-07,1,0.2182
201042,2024-05-11,2025-07-17,3,0.2033
201043,2024-08-07,2025-06-16,1,0.0432
201044,2024-09-22,2025-10-17,1,0.0141
201045,2024-01-25,2025-06-05,1,0.0395
201046,2024-11-16,2025-11-06,1,0.2018
201047,2024-08-04,2025-11-24,1,0.1138
201048,2024-06-24,2025-11-13,1,0.1798
201049,2024-04-02,2025-07-09,1,0.0441
201050,2024-12-15,2025-07-12,1,0.2561
201051,2024-02-27,2025-11-25,4,0.2269
201052,2024-06-12,2025-09-21,1,0.2074
201053,2024-06-19,2025-09-07,2,0.1286
201054,2024-07-18,2025-11-03,1,0.3532
201055,2024-03-25,2025-07-05,2,0.1482
201056,2024-12-10,2025-08-13,1,0.0799
201057,2024-05-18,2025-06-27,1,0.1263
201058,2024-09-16,2025-10-22,2,0.2791
201059,2024-08-19,2025-07-07,1,0.1677
201060,2024-03-15,2025-06-24,1,0.2138
201061,2024-12-07,2025-08-05,3,0.3227
201062,2024-06-16,2025-09-10,1,0.0123
201063,2024-08-13,2025-07-07,1,0.1088
201064,2024-08-23,2025-11-10,4,0.3191
201065,2024-07-04,2025-10-28,2,0.1212
201066,2024-08-20,2025-11-13,1,0.1283
201067,2024-07-22,2025-08-06,2,0.0677
201068,2024-09-27,2025-08-09,2,0.2186
201069,2024-06-21,2025-09-03,1,0.0493
201070,2024-10-23,2025-11-11,1,0.2034
201071,2024-07-24,2025-08-30,1,0.2432
201072,2024-12-30,2025-08-09,1,0.5937
201073,2024-07-27,2025-09-27,1,0.28
201074,2024-08-03,2025-06-24,3,0.1667
201075,2024-06-28,2025-11-27,1,0.1252
201076,2024-05-25,2025-10-02,2,0.0369
201077,2024-10-14,2025-08-19,1,0.2644
201078,2024-08-19,2025-06-17,1,0.0705
201079,2024-05-22,2025-07-29,1,0.3487
201080,2024-10-21,2025-09-12,1,0.0311
201081,2024-02-09,2025-11-23,1,0.1543
201082,2024-01-23,2025-08-27,1,0.1022
201083,2024-08-22,2025-11-27,2,0.304
201084,2024-06-16,2025-09-02,1,0.1626
201085,2024-10-17,2025-10-19,1,0.0448
201086,2024-08-30,2025-06-18,1,0.0697
201087,2024-10-11,2025-10-22,4,0.2013
201088,2024-04-06,2025-07-14,1,0.0638
201089,2024-04-02,2025-08-13,1,0.112
201090,2024-04-01,2025-07-29,4,0.0704
201091,2024-08-24,2025-09-06,3,0.1134
201092,2024-09-03,2025-09-19,1,0.1374
201093,2024-12-30,2025-08-03,2,0.0557
201094,2024-03-20,2025-06-11,3,0.4932
201095,2024-02-08,2025-09-20,1,0.2012
201096,2024-12-15,2025-08-15,2,0.017
201097,2024-07-09,2025-10-27,1,0.2927
201098,2024-05-13,2025-10-04,2,0.286
201099,2024-04-21,2025-08-07,1,0.2157
201100,2024-11-18,2025-06-10,1,0.342
201101,2024-10-15,2025-09-05,2,0.2119
201102,2024-03-04,2025-10-22,1,0.043
201103,2024-04-28,2025-10-18,2,0.3797
201104,2024-11-13,2025-07-31,1,0.1404
201105,2024-09-24,2025-07-08,1,0.4414
201106,2024-10-24,2025-06-14,3,0.226
201107,2024-02-28,2025-09-18,3,0.4484
201108,2024-07-30,2025-07-18,2,0.2117
201109,2024-01-25,2025-10-18,3,0.0957
201110,2024-06-13,2025-09-16,1,0.0564
201111,2024-02-07,2025-06-10,1,0.0378
201112,2024-04-07,2025-10-03,2,0.4482
201113,2024-04-05,2025-07-16,3,0.2772
201114,2024-03-09,2025-11-04,1,0.1109
201115,2024-11-06,2025-06-05,1,0.0769
201116,2024-05-15,2025-08-05,1,0.5563
201117,2024-02-24,2025-06-02,1,0.1889
201118,2024-12-26,2025-09-22,2,0.2844
201119,2024-01-13,2025-08-25,1,0.0351
201120,2024-02-24,2025-09-04,1,0.0519
201121,2024-11-07,2025-10-05,1,0.0138
201122,2024-06-13,2025-11-09,2,0.3706
201123,2024-05-16,2025-08-08,3,0.3551
201124,2024-04-21,2025-09-11,1,0.2615
201125,2024-08-02,2025-09-20,3,0.1181
201126,2024-05-10,2025-11-06,1,0.3267
201127,2024-01-31,2025-07-05,1,0.067
201128,2024-12-17,2025-09-03,2,0.0861
201129,2024-11-27,2025-10-29,1,0.314
201130,2024-03-05,2025-07-21,1,0.3553
201131,2024-07-03,2025-08-05,1,0.1022
201132,2024-06-14,2025-08-20,1,0.0418
201133,2024-02-02,2025-10-06,3,0.2004
201134,2024-05-25,2025-09-29,1,0.138
201135,2024-08-19,2025-06-24,1,0.094
201136,2024-02-07,2025-07-08,1,0.0345
201137,2024-05-13,2025-10-26,1,0.1189
201138,2024-04-01,2025-09-30,1,0.1066
201139,2024-05-08,2025-09-02,1,0.1641
201140,2024-08-17,2025-08-15,2,0.3667
201141,2024-05-28,2025-11-22,1,0.2235
201142,2024-10-07,2025-11-06,1,0.0079
201143,2024-07-04,2025-08-12,1,0.2638
201144,2024-09-09,2025-08-03,1,0.1733
201145,2024-08-14,2025-11-05,1,0.1113
201146,2024-10-25,2025-08-02,1,0.499
201147,2024-02-23,2025-08-14,1,0.1614
201148,2024-12-27,2025-11-13,1,0.0722
201149,2024-10-02,2025-06-20,3,0.2873
201150,2024-03-13,2025-10-05,1,0.1009
201151,2024-01-10,2025-10-02,1,0.0445
201152,2024-01-10,2025-08-08,1,0.1497
201153,2024-09-12,2025-07-03,2,0.3061
201154,2024-06-03,2025-11-02,1,0.3882
201155,2024-03-07,2025-10-22,1,0.5214
201156,2024-04-25,2025-11-02,1,0.5614
201157,2024-06-12,2025-07-31,1,0.3992
201158,2024-01-16,2025-11-21,1,0.1899
201159,2024-07-23,2025-10-15,2,0.254
201160,2024-01-14,2025-07-14,1,0.1847
201161,2024-08-24,2025-08-26,3,0.1416
201162,2024-01-23,2025-07-27,3,0.2976
201163,2024-10-15,2025-09-05,2,0.1758
201164,2024-04-02,2025-07-04,2,0.2306
201165,2024-07-07,2025-10-11,1,0.0802
201166,2024-05-20,2025-08-22,2,0.1286
201167,2024-11-17,2025-09-28,1,0.3501
201168,2024-10-16,2025-09-24,2,0.6146
201169,2024-12-14,2025-09-28,1,0.0183
201170,2024-09-18,2025-10-15,2,0.2728
201171,2024-12-22,2025-09-27,1,0.36
201172,2024-03-23,2025-09-01,1,0.4135
201173,2024-04-26,2025-09-14,1,0.0436
201174,2024-10-22,2025-09-22,1,0.0968
201175,2024-01-12,2025-10-24,1,0.2596
201176,2024-03-06,2025-08-25,2,0.3012
201177,2024-09-18,2025-07-25,1,0.003
201178,2024-05-25,2025-07-16,3,0.234
201179,2024-04-01,2025-07-03,2,0.43
201180,2024-04-20,2025-09-17,2,0.8471
201181,2024-10-07,2025-10-11,3,0.0943
201182,2024-06-24,2025-07-28,1,0.0883
201183,2024-01-02,2025-09-06,3,0.4047
201184,2024-07-07,2025-08-06,1,0.0165
201185,2024-10-10,2025-11-10,1,0.1505
201186,2024-03-01,2025-11-11,1,0.3296
201187,2024-01-26,2025-11-21,1,0.2029
201188,2024-08-17,2025-11-02,1,0.2436
201189,2024-11-16,2025-11-04,1,0.2164
201190,2024-01-26,2025-09-09,4,0.1765
201191,2024-08-25,2025-09-07,1,0.1637
201192,2024-10-11,2025-07-25,3,0.2309
201193,2024-02-29,2025-10-14,2,0.2469
201194,2024-04-05,2025-07-28,2,0.0702
201195,2024-07-04,2025-07-31,2,0.0543
201196,2024-08-10,2025-11-18,4,0.2732
201197,2024-07-03,2025-06-03,1,0.1937
201198,2024-03-08,2025-06-22,1,0.2407
201199,2024-11-16,2025-10-19,1,0.2228
201200,2024-06-02,2025-10-02,1,0.115
201201,2024-07-13,2025-10-19,1,0.0835
201202,2024-07-14,2025-08-24,1,0.0846
201203,2024-07-19,2025-06-02,4,0.4425
201204,2024-04-15,2025-07-24,1,0.2945
201205,2024-04-26,2025-11-03,3,0.4833
201206,2024-02-20,2025-09-28,1,0.0751
201207,2024-09-22,2025-11-06,1,0.1084
201208,2024-04-24,2025-06-02,1,0.128
201209,2024-01-19,2025-07-28,4,0.0937
201210,2024-01-17,2025-10-02,1,0.1463
201211,2024-12-19,2025-06-04,1,0.4605
201212,2024-06-05,2025-08-20,3,0.1307
201213,2024-08-09,2025-11-05,1,0.1276
201214,2024-07-13,2025-06-30,3,0.225
201215,2024-11-04,2025-06-13,1,0.2021
201216,2024-11-20,2025-09-23,1,0.5032
201217,2024-10-12,2025-07-12,1,0.2789
201218,2024-12-24,2025-07-04,1,0.0789
201219,2024-03-20,2025-09-06,2,0.123
201220,2024-06-13,2025-09-18,1,0.0853
201221,2024-04-15,2025-10-25,1,0.1937
201222,2024-10-31,2025-06-19,1,0.1797
201223,2024-04-11,2025-10-19,1,0.0763
201224,2024-10-16,2025-09-29,1,0.0896
201225,2024-03-23,2025-10-01,1,0.0259
201226,2024-09-09,2025-07-13,1,0.1837
201227,2024-01-06,2025-10-28,1,0.0932
201228,2024-10-14,2025-06-23,1,0.0436
201229,2024-10-28,2025-10-02,1,0.0396
201230,2024-07-24,2025-06-25,3,0.0999
201231,2024-07-15,2025-09-23,2,0.1257
201232,2024-06-16,2025-08-21,2,0.3744
201233,2024-08-03,2025-07-01,2,0.3357
201234,2024-07-25,2025-07-05,1,0.3202
201235,2024-06-28,2025-08-19,3,0.5444
201236,2024-07-09,2025-08-05,1,0.0858
201237,2024-02-15,2025-08-21,1,0.2083
201238,2024-06-19,2025-08-17,2,0.1388
201239,2024-06-08,2025-06-04,2,0.2029
201240,2024-11-22,2025-08-17,1,0.31
201241,2024-04-17,2025-08-12,2,0.1389
201242,2024-12-19,2025-08-10,1,0.1915
201243,2024-11-21,2025-07-11,1,0.0541
201244,2024-10-12,2025-07-05,3,0.0435
201245,2024-09-12,2025-06-17,1,0.123
201246,2024-04-25,2025-09-21,2,0.2146
201247,2024-02-29,2025-09-07,2,0.1413
201248,2024-10-15,2025-10-25,1,0.0888
201249,2024-09-13,2025-07-13,2,0.2815
201250,2024-10-30,2025-08-13,1,0.1749
201251,2024-07-19,2025-07-05,2,0.2784
201252,2024-11-23,2025-11-17,2,0.0505
201253,2024-01-30,2025-10-20,2,0.0509
201254,2024-02-10,2025-06-27,3,0.0349
201255,2024-01-26,2025-10-24,1,0.049
201256,2024-04-27,2025-11-14,1,0.1215
201257,2024-02-23,2025-09-27,1,0.0394
201258,2024-01-15,2025-11-26,1,0.3179
201259,2024-10-22,2025-07-05,1,0.1038
201260,2024-02-26,2025-07-22,1,0.4298
201261,2024-10-29,2025-09-22,1,0.0609
201262,2024-08-22,2025-09-05,3,0.5017
201263,2024-08-09,2025-10-07,1,0.2419
201264,2024-02-12,2025-11-21,3,0.0421
201265,2024-01-06,2025-07-12,1,0.2474
201266,2024-02-20,2025-11-05,3,0.4858
201267,2024-04-25,2025-06-24,2,0.6568
201268,2024-12-15,2025-08-22,1,0.0368
201269,2024-05-26,2025-08-18,1,0.0291
201270,2024-03-26,2025-10-24,5,0.2066
201271,2024-04-13,2025-08-16,3,0.2377
201272,2024-05-02,2025-10-28,1,0.3087
201273,2024-07-31,2025-06-28,2,0.0088
201274,2024-10-21,2025-11-26,3,0.0385
201275,2024-01-23,2025-07-05,1,0.049
201276,2024-10-09,2025-09-15,1,0.0114
201277,2024-01-08,2025-08-29,2,0.0153
201278,2024-04-27,2025-06-17,1,0.1022
201279,2024-08-02,2025-09-03,2,0.164
201280,2024-02-08,2025-11-05,1,0.0508
201281,2024-04-06,2025-09-05,1,0.0809
201282,2024-08-21,2025-10-05,1,0.0192
201283,2024-09-07,2025-11-24,2,0.3753
201284,2024-01-31,2025-07-25,1,0.3969
201285,2024-10-10,2025-06-08,1,0.0461
201286,2024-05-28,2025-10-03,1,0.3218
201287,2024-08-11,2025-10-20,1,0.4687
201288,2024-03-18,2025-06-26,2,0.2923
201289,2024-12-27,2025-08-03,1,0.1087
201290,2024-10-04,2025-08-04,1,0.5665
201291,2024-08-22,2025-10-14,1,0.2546
201292,2024-03-08,2025-11-05,1,0.3608
201293,2024-10-09,2025-10-11,1,0.165
201294,2024-05-17,2025-07-24,1,0.2997
201295,2024-08-21,2025-09-20,2,0.1159
201296,2024-08-25,2025-07-19,1,0.1228
201297,2024-10-20,2025-09-22,1,0.005
201298,2024-11-01,2025-11-21,1,0.0695
201299,2024-05-22,2025-09-28,2,0.0575
201300,2024-01-30,2025-10-20,1,0.0777
201301,2024-06-07,2025-10-13,2,0.2478
201302,2024-05-26,2025-08-25,3,0.2278
201303,2024-05-02,2025-06-24,1,0.0712
201304,2024-06-27,2025-11-23,1,0.3982
201305,2024-07-29,2025-08-04,2,0.4233
201306,2024-08-15,2025-11-07,3,0.0648
201307,2024-05-16,2025-10-30,1,0.2756
201308,2024-08-12,2025-10-02,1,0.2536
201309,2024-12-26,2025-09-07,2,0.0959
201310,2024-08-25,2025-07-20,1,0.1784
201311,2024-08-08,2025-06-25,1,0.3862
201312,2024-04-14,2025-11-05,1,0.1347
201313,2024-05-02,2025-11-21,3,0.3498
201314,2024-01-19,2025-09-30,1,0.4383
201315,2024-07-04,2025-11-25,1,0.4812
201316,2024-01-28,2025-07-09,1,0.0841
201317,2024-10-11,2025-09-01,1,0.0241
201318,2024-12-15,2025-07-02,1,0.0551
201319,2024-10-21,2025-09-04,1,0.3682
201320,2024-02-27,2025-11-08,1,0.1321
201321,2024-08-20,2025-07-23,1,0.4209
201322,2024-06-06,2025-08-15,2,0.377
201323,2024-01-01,2025-09-01,2,0.5521
201324,2024-09-18,2025-08-23,1,0.209
201325,2024-11-13,2025-11-22,1,0.4327
201326,2024-06-17,2025-08-16,1,0.0558
201327,2024-11-28,2025-07-16,1,0.0282
201328,2024-01-21,2025-07-29,1,0.3036
201329,2024-11-14,2025-07-25,1,0.3275
201330,2024-09-05,2025-07-27,2,0.4509
201331,2024-09-01,2025-11-09,4,0.1673
201332,2024-07-02,2025-09-01,1,0.2834
201333,2024-01-10,2025-08-09,1,0.15
201334,2024-06-14,2025-06-26,1,0.2519
201335,2024-12-13,2025-11-23,1,0.2089
201336,2024-06-17,2025-06-28,2,0.0817
201337,2024-01-25,2025-08-02,1,0.128
201338,2024-06-29,2025-10-04,2,0.05
201339,2024-02-24,2025-06-01,1,0.0561
201340,2024-06-02,2025-07-27,1,0.031
201341,2024-08-17,2025-11-19,1,0.2614
201342,2024-01-25,2025-06-05,1,0.4155
201343,2024-06-17,2025-07-13,1,0.382
201344,2024-07-03,2025-06-16,2,0.0518
201345,2024-10-02,2025-10-03,1,0.3087
201346,2024-01-25,2025-06-03,1,0.3621
201347,2024-08-19,2025-06-09,1,0.194
201348,2024-08-14,2025-08-25,4,0.2654
201349,2024-01-02,2025-10-13,4,0.1993
201350,2024-02-13,2025-11-10,1,0.114
201351,2024-08-22,2025-07-10,2,0.2096
201352,2024-11-09,2025-09-11,2,0.041
201353,2024-11-09,2025-10-23,2,0.0486
201354,2024-10-07,2025-10-10,1,0.3104
201355,2024-11-07,2025-11-21,4,0.1541
201356,2024-08-09,2025-06-14,2,0.306
201357,2024-02-27,2025-06-09,1,0.0937
201358,2024-07-12,2025-10-02,1,0.4482
201359,2024-05-06,2025-08-06,1,0.069
201360,2024-04-03,2025-10-11,1,0.244
201361,2024-02-13,2025-10-07,2,0.4737
201362,2024-01-08,2025-08-19,2,0.4369
201363,2024-10-01,2025-11-27,3,0.3488
201364,2024-03-03,2025-11-06,1,0.0351
201365,2024-08-17,2025-08-05,3,0.1394
201366,2024-04-20,2025-06-01,3,0.1113
201367,2024-06-25,2025-11-27,1,0.0997
201368,2024-05-25,2025-11-22,1,0.1516
201369,2024-04-19,2025-11-09,2,0.1214
201370,2024-06-24,2025-06-11,1,0.1763
201371,2024-10-14,2025-10-08,1,0.0522
201372,2024-07-02,2025-11-20,2,0.1755
201373,2024-10-15,2025-08-08,1,0.0978
201374,2024-11-28,2025-10-14,1,0.4158
201375,2024-06-28,2025-09-05,3,0.2584
201376,2024-10-19,2025-08-23,1,0.2218
201377,2024-02-15,2025-10-08,1,0.4352
201378,2024-07-25,2025-09-13,1,0.1407
201379,2024-06-18,2025-10-02,2,0.2777
201380,2024-01-03,2025-07-11,1,0.0667
201381,2024-11-23,2025-07-22,1,0.0155
201382,2024-09-27,2025-09-24,1,0.0504
201383,2024-08-01,2025-09-09,2,0.2934
201384,2024-09-10,2025-08-08,1,0.0755
201385,2024-10-02,2025-10-29,1,0.0621
201386,2024-10-10,2025-08-01,1,0.4261
201387,2024-04-17,2025-08-25,1,0.029
201388,2024-06-01,2025-07-27,1,0.1106
201389,2024-05-05,2025-09-10,1,0.1745
201390,2024-11-28,2025-09-10,2,0.1206
201391,2024-02-12,2025-07-29,2,0.1227
201392,2024-11-27,2025-10-18,1,0.2721
201393,2024-05-05,2025-06-29,2,0.0317
201394,2024-10-11,2025-10-17,1,0.0492
201395,2024-03-02,2025-06-12,1,0.0534
201396,2024-11-03,2025-07-16,2,0.2671
201397,2024-07-15,2025-08-13,1,0.0854
201398,2024-12-25,2025-08-16,1,0.1395
201399,2024-05-23,2025-09-22,1,0.3726
201400,2024-12-28,2025-11-16,3,0.4083
201401,2024-11-01,2025-10-15,1,0.1216
201402,2024-01-03,2025-09-06,1,0.1919
201403,2024-05-19,2025-06-16,1,0.1365
201404,2024-05-28,2025-11-26,1,0.1901
201405,2024-03-18,2025-07-28,1,0.1122
201406,2024-11-16,2025-09-20,2,0.2495
201407,2024-01-31,2025-10-24,1,0.0546
201408,2024-04-04,2025-10-04,1,0.029
201409,2024-04-02,2025-06-21,1,0.0848
201410,2024-06-01,2025-07-17,1,0.1022
201411,2024-09-11,2025-11-26,1,0.2063
201412,2024-01-03,2025-10-17,1,0.2715
201413,2024-08-16,2025-09-22,1,0.2217
201414,2024-05-27,2025-08-20,4,0.0674
201415,2024-08-14,2025-11-17,1,0.2569
201416,2024-01-23,2025-10-09,1,0.1807
201417,2024-11-09,2025-10-10,2,0.4733
201418,2024-07-29,2025-11-12,1,0.0969
201419,2024-04-02,2025-11-21,2,0.0586
201420,2024-10-15,2025-11-02,1,0.2613
201421,2024-06-20,2025-09-28,1,0.0218
201422,2024-05-22,2025-07-12,4,0.1918
201423,2024-03-02,2025-07-19,1,0.0722
201424,2024-06-28,2025-06-28,2,0.2231
201425,2024-03-20,2025-10-23,1,0.1134
201426,2024-09-24,2025-07-31,1,0.0868
201427,2024-05-15,2025-07-11,1,0.1139
201428,2024-02-13,2025-10-09,1,0.2339
201429,2024-09-15,2025-09-10,2,0.0742
201430,2024-11-04,2025-07-15,1,0.3832
201431,2024-10-31,2025-08-07,1,0.2775
201432,2024-06-25,2025-08-26,1,0.1135
201433,2024-04-22,2025-10-22,1,0.0623
201434,2024-03-21,2025-06-02,1,0.1017
201435,2024-05-25,2025-10-15,1,0.0306
201436,2024-02-07,2025-06-15,1,0.1063
201437,2024-11-19,2025-11-03,2,0.4079
201438,2024-03-31,2025-06-22,3,0.4575
201439,2024-10-11,2025-07-15,1,0.0045
201440,2024-05-20,2025-08-06,1,0.0054
201441,2024-09-08,2025-11-27,1,0.2274
201442,2024-11-28,2025-08-11,1,0.3073
201443,2024-05-28,2025-10-23,1,0.1067
201444,2024-12-18,2025-07-17,1,0.1738
201445,2024-05-04,2025-08-09,1,0.0285
201446,2024-04-02,2025-09-02,1,0.4684
201447,2024-09-21,2025-06-23,1,0.2408
201448,2024-02-21,2025-06-06,2,0.58
201449,2024-02-04,2025-08-02,2,0.2706
201450,2024-05-14,2025-10-20,1,0.0562
201451,2024-07-17,2025-06-20,1,0.0981
201452,2024-06-19,2025-10-26,1,0.032
201453,2024-01-23,2025-09-19,1,0.3618
201454,2024-07-19,2025-07-20,2,0.1391
201455,2024-08-15,2025-06-21,2,0.0527
201456,2024-04-13,2025-09-08,1,0.2171
201457,2024-07-26,2025-08-17,1,0.0451
201458,2024-05-09,2025-06-20,1,0.1931
201459,2024-01-22,2025-09-29,2,0.1213
201460,2024-09-28,2025-10-29,1,0.0615
201461,2024-06-02,2025-08-21,1,0.0523
201462,2024-12-25,2025-08-21,1,0.0453
201463,2024-03-11,2025-11-06,1,0.0314
201464,2024-01-03,2025-08-09,2,0.0389
201465,2024-10-18,2025-07-14,2,0.4518
201466,2024-11-10,2025-10-31,1,0.3076
201467,2024-11-29,2025-09-03,1,0.2135
201468,2024-12-27,2025-11-16,1,0.362
201469,2024-04-24,2025-11-12,1,0.0676
201470,2024-09-04,2025-10-24,1,0.0912
201471,2024-01-11,2025-08-03,1,0.0662
201472,2024-06-01,2025-10-08,2,0.383
201473,2024-11-23,2025-08-25,1,0.1458
201474,2024-08-19,2025-10-16,1,0.289
201475,2024-11-04,2025-11-15,3,0.0553
201476,2024-12-11,2025-10-10,1,0.0834
201477,2024-10-17,2025-08-29,1,0.2034
201478,2024-09-07,2025-11-26,4,0.3712
201479,2024-05-10,2025-11-03,1,0.1016
201480,2024-07-13,2025-07-15,1,0.5206
201481,2024-01-30,2025-11-17,1,0.2387
201482,2024-07-29,2025-08-26,1,0.1478
201483,2024-12-21,2025-07-17,2,0.1533
201484,2024-02-23,2025-07-24,1,0.0517
201485,2024-06-29,2025-10-20,1,0.1481
201486,2024-11-24,2025-08-09,3,0.071
201487,2024-05-10,2025-09-26,1,0.3882
201488,2024-08-03,2025-08-20,2,0.0939
201489,2024-10-10,2025-11-25,1,0.0399
201490,2024-10-14,2025-06-25,1,0.0948
201491,2024-09-01,2025-09-14,3,0.3531
201492,2024-01-23,2025-08-04,1,0.0502
201493,2024-01-16,2025-10-21,1,0.117
201494,2024-10-02,2025-11-17,1,0.116
201495,2024-12-15,2025-08-02,1,0.2509
201496,2024-04-07,2025-11-11,1,0.0913
201497,2024-07-21,2025-09-18,1,0.0294
201498,2024-01-27,2025-06-10,1,0.1999
201499,2024-03-09,2025-10-19,1,0.462
201500,2024-06-25,2025-09-08,1,0.1799
201501,2024-01-06,2025-11-22,2,0.0687
201502,2024-08-02,2025-08-22,1,0.1758
201503,2024-07-20,2025-07-16,1,0.165
201504,2024-02-03,2025-07-02,1,0.0668
201505,2024-08-04,2025-06-15,5,0.019
201506,2024-06-15,2025-10-05,2,0.2391
201507,2024-02-06,2025-11-23,3,0.0009
201508,2024-03-20,2025-09-25,2,0.1199
201509,2024-07-17,2025-09-17,1,0.2791
201510,2024-10-22,2025-06-06,1,0.152
201511,2024-06-06,2025-06-04,2,0.2215
201512,2024-08-18,2025-08-29,2,0.2424
201513,2024-06-08,2025-09-02,1,0.0275
201514,2024-11-10,2025-08-16,1,0.29
201515,2024-12-21,2025-11-16,1,0.085
201516,2024-06-03,2025-07-30,1,0.1751
201517,2024-04-17,2025-11-25,4,0.2465
201518,2024-07-29,2025-07-18,1,0.3061
201519,2024-11-18,2025-07-29,1,0.4033
201520,2024-08-06,2025-07-24,1,0.0614
201521,2024-05-05,2025-10-19,1,0.0709
201522,2024-10-10,2025-07-30,2,0.1388
201523,2024-03-06,2025-08-22,1,0.5036
201524,2024-04-09,2025-06-21,1,0.1816
201525,2024-02-25,2025-08-11,3,0.0192
201526,2024-11-29,2025-07-06,1,0.0096
201527,2024-12-09,2025-10-15,1,0.4334
201528,2024-12-15,2025-10-25,1,0.2583
201529,2024-01-09,2025-07-19,1,0.4138
201530,2024-11-24,2025-11-25,1,0.3634
201531,2024-03-20,2025-08-16,1,0.1631
201532,2024-12-13,2025-10-29,1,0.0985
201533,2024-05-04,2025-07-15,2,0.1209
201534,2024-04-21,2025-11-02,1,0.359
201535,2024-08-27,2025-06-26,1,0.0543
201536,2024-10-15,2025-08-05,1,0.2696
201537,2024-05-17,2025-08-08,1,0.2797
201538,2024-10-27,2025-07-04,5,0.1667
201539,2024-01-08,2025-11-20,1,0.0918
201540,2024-11-23,2025-07-23,1,0.0746
201541,2024-07-07,2025-08-15,4,0.3295
201542,2024-07-14,2025-06-04,1,0.1675
201543,2024-11-18,2025-10-01,1,0.0151
201544,2024-01-21,2025-07-03,1,0.1247
201545,2024-11-19,2025-07-22,1,0.1838
201546,2024-03-15,2025-11-13,4,0.0435
201547,2024-12-27,2025-11-03,4,0.0721
201548,2024-09-19,2025-06-21,4,0.0401
201549,2024-05-04,2025-09-21,2,0.047
201550,2024-01-25,2025-10-13,1,0.1382
201551,2024-02-14,2025-11-19,1,0.1185
201552,2024-02-14,2025-07-14,1,0.0034
201553,2024-01-26,2025-07-29,2,0.2139
201554,2024-08-12,2025-07-13,2,0.1857
201555,2024-11-12,2025-09-05,1,0.0158
201556,2024-10-18,2025-09-17,1,0.1741
201557,2024-09-30,2025-07-05,1,0.717
201558,2024-12-23,2025-06-05,2,0.2903
201559,2024-08-17,2025-06-25,4,0.1299
201560,2024-02-04,2025-07-08,1,0.0333
201561,2024-06-30,2025-09-14,1,0.1253
201562,2024-10-03,2025-07-07,3,0.0472
201563,2024-06-15,2025-10-23,1,0.4142
201564,2024-04-22,2025-09-24,1,0.0508
201565,2024-06-29,2025-07-06,3,0.213
201566,2024-10-12,2025-11-26,1,0.1172
201567,2024-05-12,2025-10-05,1,0.1218
201568,2024-05-08,2025-11-04,1,0.2897
201569,2024-06-22,2025-09-29,1,0.1862
201570,2024-06-02,2025-09-27,1,0.2889
201571,2024-03-17,2025-08-26,1,0.1536
201572,2024-04-12,2025-09-27,2,0.4108
201573,2024-02-12,2025-10-17,1,0.1385
201574,2024-10-01,2025-11-25,3,0.1242
201575,2024-03-18,2025-09-15,1,0.1531
201576,2024-12-23,2025-10-14,1,0.3938
201577,2024-12-20,2025-11-18,1,0.4695
201578,2024-09-02,2025-09-18,1,0.3014
201579,2024-12-27,2025-10-16,1,0.02
201580,2024-11-11,2025-07-04,2,0.1035
201581,2024-10-01,2025-11-07,1,0.5102
201582,2024-05-09,2025-11-24,1,0.4053
201583,2024-11-01,2025-08-05,2,0.0281
201584,2024-05-04,2025-11-07,1,0.179
201585,2024-02-07,2025-10-24,2,0.277
201586,2024-07-25,2025-07-12,2,0.1751
201587,2024-02-14,2025-11-26,1,0.4372
201588,2024-02-03,2025-09-14,1,0.0843
201589,2024-02-03,2025-06-30,1,0.1174
201590,2024-11-28,2025-06-20,1,0.079
201591,2024-01-24,2025-09-01,1,0.1276
201592,2024-05-24,2025-09-02,1,0.2587
201593,2024-09-29,2025-11-03,3,0.4397
201594,2024-10-19,2025-08-31,1,0.1238
201595,2024-01-21,2025-08-11,1,0.2708
201596,2024-11-22,2025-07-28,2,0.0457
201597,2024-12-12,2025-08-31,1,0.017
201598,2024-12-20,2025-07-18,1,0.0364
201599,2024-08-26,2025-10-13,1,0.0613
201600,2024-07-05,2025-06-25,2,0.1236
201601,2024-03-03,2025-10-27,1,0.0115
201602,2024-02-15,2025-07-09,1,0.3522
201603,2024-10-25,2025-07-06,2,0.1397
201604,2024-11-06,2025-11-23,1,0.0373
201605,2024-10-27,2025-08-10,1,0.54
201606,2024-08-13,2025-10-01,1,0.3057
201607,2024-07-24,2025-08-11,1,0.0754
201608,2024-03-11,2025-11-24,1,0.3732
201609,2024-02-03,2025-06-28,1,0.2082
201610,2024-03-14,2025-08-23,1,0.0202
201611,2024-05-26,2025-06-17,2,0.2517
201612,2024-04-20,2025-09-11,1,0.3617
201613,2024-07-19,2025-10-13,1,0.0281
201614,2024-10-12,2025-08-24,1,0.0831
201615,2024-09-28,2025-11-01,1,0.3336
201616,2024-10-29,2025-10-17,1,0.0016
201617,2024-04-18,2025-11-19,2,0.4221
201618,2024-12-07,2025-11-27,1,0.0356
201619,2024-11-14,2025-11-20,1,0.1377
201620,2024-05-07,2025-08-17,1,0.4792
201621,2024-04-01,2025-11-27,3,0.2553
201622,2024-11-20,2025-09-27,1,0.0661
201623,2024-12-30,2025-06-15,1,0.5106
201624,2024-06-18,2025-06-15,1,0.5903
201625,2024-02-11,2025-08-11,1,0.1015
201626,2024-08-09,2025-09-09,1,0.1438
201627,2024-10-31,2025-06-15,1,0.2634
201628,2024-06-20,2025-09-12,2,0.3023
201629,2024-02-18,2025-10-01,3,0.0961
201630,2024-09-25,2025-10-03,1,0.0584
201631,2024-10-04,2025-11-23,1,0.0222
201632,2024-11-15,2025-08-05,1,0.1271
201633,2024-11-10,2025-06-07,3,0.0477
201634,2024-06-23,2025-11-20,1,0.0121
201635,2024-04-24,2025-09-03,1,0.3872
201636,2024-03-01,2025-09-22,1,0.0381
201637,2024-02-06,2025-09-04,1,0.1005
201638,2024-10-28,2025-08-27,1,0.1227
201639,2024-12-30,2025-06-30,4,0.2326
201640,2024-08-22,2025-09-10,1,0.0775
201641,2024-12-20,2025-10-29,1,0.3425
201642,2024-04-22,2025-06-21,1,0.1913
201643,2024-10-03,2025-08-11,1,0.1465
201644,2024-05-24,2025-11-16,1,0.2697
201645,2024-05-21,2025-08-15,1,0.2622
201646,2024-08-21,2025-06-30,2,0.229
201647,2024-02-19,2025-11-21,2,0.3232
201648,2024-05-30,2025-06-25,1,0.003
201649,2024-06-01,2025-07-15,1,0.1429
201650,2024-06-06,2025-08-23,3,0.0965
201651,2024-09-19,2025-08-09,1,0.1225
201652,2024-04-11,2025-08-14,1,0.3477
201653,2024-02-25,2025-10-17,2,0.1068
201654,2024-08-10,2025-09-09,1,0.1557
201655,2024-01-07,2025-08-26,3,0.0658
201656,2024-12-26,2025-10-05,1,0.0024
201657,2024-11-25,2025-09-17,2,0.0363
201658,2024-05-19,2025-09-22,1,0.0653
201659,2024-09-12,2025-08-26,2,0.0849
201660,2024-07-08,2025-09-08,1,0.2082
201661,2024-09-10,2025-07-21,1,0.4099
201662,2024-03-21,2025-08-14,1,0.028
201663,2024-12-11,2025-06-30,3,0.1449
201664,2024-11-17,2025-06-15,1,0.2148
201665,2024-07-09,2025-11-01,1,0.4847
201666,2024-11-16,2025-10-24,1,0.0885
201667,2024-04-26,2025-07-20,1,0.392
201668,2024-10-13,2025-08-22,1,0.0617
201669,2024-11-27,2025-11-27,1,0.0719
201670,2024-09-11,2025-09-04,2,0.2801
201671,2024-12-25,2025-06-02,1,0.3959
201672,2024-03-19,2025-09-12,1,0.0532
201673,2024-01-08,2025-11-06,1,0.4024
201674,2024-07-11,2025-07-12,1,0.2756
201675,2024-04-30,2025-11-18,1,0.0444
201676,2024-08-21,2025-10-16,2,0.203
201677,2024-05-12,2025-06-11,1,0.2551
201678,2024-11-13,2025-11-25,1,0.3923
201679,2024-02-10,2025-09-21,1,0.0698
201680,2024-12-17,2025-07-09,1,0.1651
201681,2024-03-21,2025-10-19,2,0.1172
201682,2024-04-29,2025-10-26,2,0.028
201683,2024-01-09,2025-09-19,1,0.1489
201684,2024-09-04,2025-11-21,1,0.1828
201685,2024-09-11,2025-11-06,1,0.0894
201686,2024-12-05,2025-07-27,1,0.0834
201687,2024-02-09,2025-06-24,1,0.029
201688,2024-06-25,2025-10-24,1,0.1566
201689,2024-11-19,2025-11-18,2,0.1474
201690,2024-01-11,2025-07-23,4,0.3132
201691,2024-08-01,2025-09-08,2,0.1703
201692,2024-03-24,2025-08-31,1,0.1366
201693,2024-05-09,2025-08-01,2,0.1381
201694,2024-10-02,2025-09-05,1,0.1948
201695,2024-10-22,2025-09-03,3,0.1004
201696,2024-01-03,2025-11-25,1,0.2808
201697,2024-08-25,2025-08-01,1,0.2483
201698,2024-05-23,2025-06-27,1,0.4195
201699,2024-10-01,2025-08-21,1,0.0398
201700,2024-11-03,2025-06-26,1,0.0463
201701,2024-11-16,2025-06-29,1,0.2764
201702,2024-02-07,2025-09-23,1,0.0208
201703,2024-10-21,2025-10-31,1,0.0888
201704,2024-12-18,2025-06-21,1,0.306
201705,2024-10-11,2025-08-10,3,0.1459
201706,2024-05-17,2025-07-03,1,0.1015
201707,2024-09-23,2025-08-24,1,0.1619
201708,2024-01-25,2025-09-15,1,0.1548
201709,2024-05-17,2025-11-11,1,0.202
201710,2024-10-27,2025-11-08,4,0.3117
201711,2024-08-25,2025-11-11,1,0.1208
201712,2024-04-06,2025-08-16,4,0.1658
201713,2024-07-25,2025-10-20,1,0.0355
201714,2024-01-01,2025-07-23,1,0.136
201715,2024-12-17,2025-06-06,1,0.2864
201716,2024-07-19,2025-11-15,3,0.227
201717,2024-07-01,2025-11-11,2,0.0581
201718,2024-05-01,2025-07-03,1,0.1771
201719,2024-03-21,2025-07-04,1,0.144
201720,2024-04-29,2025-11-11,1,0.3805
201721,2024-06-16,2025-08-18,1,0.1364
201722,2024-06-04,2025-10-21,1,0.3849
201723,2024-05-31,2025-11-10,3,0.1055
201724,2024-07-04,2025-09-07,2,0.2266
201725,2024-06-20,2025-06-18,1,0.2414
201726,2024-04-23,2025-09-17,1,0.0131
201727,2024-07-31,2025-06-24,1,0.1737
201728,2024-03-30,2025-10-02,3,0.1557
201729,2024-12-12,2025-09-12,2,0.199
201730,2024-08-31,2025-08-18,2,0.2142
201731,2024-04-12,2025-08-24,2,0.0482
201732,2024-09-09,2025-11-21,1,0.069
201733,2024-12-19,2025-08-10,1,0.3071
201734,2024-10-06,2025-10-31,2,0.0343
201735,2024-10-11,2025-10-24,1,0.5403
201736,2024-03-20,2025-11-27,2,0.183
201737,2024-03-07,2025-11-09,2,0.3272
201738,2024-07-23,2025-09-20,1,0.2115
201739,2024-04-12,2025-11-26,1,0.3071
201740,2024-02-13,2025-10-05,2,0.1336
201741,2024-11-27,2025-06-23,1,0.1477
201742,2024-05-06,2025-06-18,1,0.0815
201743,2024-10-19,2025-09-30,1,0.1758
201744,2024-09-24,2025-09-04,1,0.128
201745,2024-02-22,2025-11-04,1,0.2534
201746,2024-03-09,2025-09-05,1,0.0082
201747,2024-08-01,2025-07-14,1,0.1065
201748,2024-08-15,2025-11-02,5,0.1857
201749,2024-04-11,2025-08-26,1,0.2631
201750,2024-02-25,2025-11-19,4,0.1508
201751,2024-08-17,2025-06-02,2,0.2837
201752,2024-03-27,2025-06-04,2,0.2904
201753,2024-03-04,2025-06-25,2,0.0818
201754,2024-05-18,2025-11-20,1,0.0284
201755,2024-05-08,2025-06-23,1,0.4524
201756,2024-05-26,2025-10-07,1,0.0425
201757,2024-05-21,2025-10-06,1,0.2426
201758,2024-07-25,2025-11-06,1,0.4383
201759,2024-07-15,2025-09-21,1,0.0841
201760,2024-01-14,2025-06-04,3,0.1863
201761,2024-03-28,2025-06-07,3,0.5112
201762,2024-07-03,2025-06-03,1,0.313
201763,2024-09-22,2025-09-16,1,0.0858
201764,2024-01-12,2025-08-17,2,0.1673
201765,2024-10-22,2025-06-13,4,0.1583
201766,2024-02-04,2025-06-04,1,0.2701
201767,2024-08-21,2025-07-07,1,0.0443
201768,2024-03-20,2025-08-26,3,0.3124
201769,2024-11-25,2025-11-10,1,0.1392
201770,2024-09-09,2025-10-27,1,0.1362
201771,2024-10-15,2025-08-20,1,0.0647
201772,2024-10-23,2025-07-22,1,0.3217
201773,2024-01-17,2025-10-19,1,0.1911
201774,2024-11-05,2025-11-16,2,0.2415
201775,2024-01-31,2025-07-27,1,0.016
201776,2024-07-17,2025-08-29,3,0.0761
201777,2024-08-28,2025-06-20,1,0.0871
201778,2024-11-24,2025-06-24,3,0.1722
201779,2024-09-20,2025-11-07,1,0.3085
201780,2024-09-16,2025-07-11,1,0.154
201781,2024-12-19,2025-06-30,3,0.0021
201782,2024-01-06,2025-07-28,1,0.0387
201783,2024-01-02,2025-08-02,1,0.6532
201784,2024-03-10,2025-07-07,1,0.1406
201785,2024-03-27,2025-10-05,1,0.1293
201786,2024-07-01,2025-09-12,2,0.1359
201787,2024-10-30,2025-09-15,3,0.0857
201788,2024-05-23,2025-11-25,1,0.0108
201789,2024-11-21,2025-11-15,1,0.0539
201790,2024-08-21,2025-07-21,1,0.335
201791,2024-06-18,2025-11-25,4,0.367
201792,2024-10-16,2025-10-01,1,0.0835
201793,2024-06-25,2025-06-27,1,0.0931
201794,2024-01-16,2025-07-28,1,0.1262
201795,2024-11-07,2025-07-11,1,0.0525
201796,2024-02-18,2025-10-22,1,0.3314
201797,2024-06-16,2025-09-24,1,0.4981
201798,2024-02-26,2025-10-19,1,0.1957
201799,2024-10-14,2025-06-27,1,0.2636
201800,2024-08-20,2025-09-01,1,0.3145
201801,2024-12-12,2025-09-06,1,0.0271
201802,2024-11-12,2025-10-01,2,0.3244
201803,2024-04-05,2025-08-07,1,0.0907
201804,2024-04-02,2025-06-12,1,0.3081
201805,2024-04-10,2025-11-07,2,0.0562
201806,2024-02-26,2025-08-16,1,0.3307
201807,2024-12-08,2025-11-13,1,0.0207
201808,2024-01-31,2025-08-14,1,0.116
201809,2024-06-03,2025-07-17,1,0.2437
201810,2024-04-12,2025-08-23,1,0.1037
201811,2024-01-06,2025-06-18,1,0.0162
201812,2024-10-30,2025-09-09,1,0.3829
201813,2024-07-02,2025-11-26,1,0.0661
201814,2024-11-16,2025-07-17,1,0.2046
201815,2024-08-13,2025-06-27,1,0.2441
201816,2024-06-30,2025-06-25,3,0.2237
201817,2024-03-30,2025-07-02,3,0.2167
201818,2024-08-03,2025-08-10,1,0.1117
201819,2024-09-22,2025-07-16,1,0.0633
201820,2024-01-11,2025-10-07,1,0.3833
201821,2024-03-26,2025-08-01,4,0.0723
201822,2024-05-12,2025-08-05,1,0.1163
201823,2024-02-13,2025-06-27,1,0.0837
201824,2024-01-31,2025-09-12,4,0.1035
201825,2024-04-01,2025-07-29,1,0.1241
201826,2024-05-04,2025-10-06,2,0.091
201827,2024-07-13,2025-06-04,1,0.0171
201828,2024-10-23,2025-09-24,1,0.2593
201829,2024-11-08,2025-10-23,1,0.113
201830,2024-05-19,2025-10-07,2,0.1336
201831,2024-07-12,2025-07-18,1,0.0324
201832,2024-01-06,2025-10-04,1,0.053
201833,2024-11-05,2025-10-26,2,0.1223
201834,2024-03-26,2025-09-03,1,0.0076
201835,2024-01-24,2025-09-25,1,0.3346
201836,2024-08-07,2025-10-25,1,0.3333
201837,2024-05-15,2025-08-26,1,0.2078
201838,2024-05-30,2025-06-27,1,0.3261
201839,2024-06-07,2025-11-23,2,0.0561
201840,2024-08-17,2025-07-29,1,0.0684
201841,2024-10-19,2025-08-09,1,0.0239
201842,2024-07-27,2025-09-19,2,0.0299
201843,2024-08-10,2025-07-03,1,0.1424
201844,2024-10-22,2025-08-02,1,0.0885
201845,2024-10-13,2025-09-12,1,0.0822
201846,2024-03-03,2025-10-11,3,0.1809
201847,2024-05-03,2025-06-26,2,0.0182
201848,2024-06-29,2025-10-28,1,0.2579
201849,2024-12-06,2025-07-20,1,0.0785
201850,2024-08-09,2025-11-12,1,0.0596
201851,2024-10-23,2025-11-11,1,0.0777
201852,2024-10-17,2025-10-07,1,0.2361
201853,2024-11-30,2025-11-08,2,0.3971
201854,2024-07-08,2025-06-29,2,0.1487
201855,2024-04-05,2025-08-23,1,0.1543
201856,2024-05-30,2025-06-26,1,0.0054
201857,2024-01-03,2025-08-26,1,0.4073
201858,2024-09-06,2025-09-13,1,0.2361
201859,2024-08-12,2025-09-11,1,0.1859
201860,2024-03-01,2025-06-14,3,0.0726
201861,2024-06-28,2025-06-16,5,0.0372
201862,2024-09-18,2025-11-27,3,0.1296
201863,2024-10-11,2025-07-16,2,0.0636
201864,2024-10-10,2025-08-29,1,0.1154
201865,2024-02-05,2025-09-13,1,0.2022
201866,2024-05-16,2025-06-29,3,0.0069
201867,2024-08-05,2025-07-28,1,0.1539
201868,2024-02-08,2025-09-17,1,0.0471
201869,2024-03-13,2025-07-09,1,0.1717
201870,2024-12-10,2025-10-21,2,0.0339
201871,2024-07-06,2025-09-25,1,0.5079
201872,2024-07-30,2025-11-25,2,0.0487
201873,2024-02-27,2025-09-10,1,0.3405
201874,2024-08-19,2025-10-23,1,0.0604
201875,2024-11-29,2025-07-29,2,0.277
201876,2024-12-16,2025-10-03,2,0.2456
201877,2024-03-07,2025-11-16,1,0.1605
201878,2024-03-22,2025-10-27,1,0.3297
201879,2024-07-28,2025-10-18,1,0.275
201880,2024-11-19,2025-08-21,1,0.019
201881,2024-01-03,2025-09-16,1,0.0925
201882,2024-03-23,2025-09-15,3,0.0712
201883,2024-02-27,2025-07-08,1,0.1234
201884,2024-10-15,2025-07-18,1,0.1085
201885,2024-07-01,2025-09-25,1,0.4377
201886,2024-09-17,2025-09-23,1,0.2099
201887,2024-01-15,2025-10-02,1,0.2646
201888,2024-02-18,2025-09-17,1,0.0806
201889,2024-07-17,2025-09-13,2,0.0133
201890,2024-06-02,2025-09-02,2,0.3872
201891,2024-03-08,2025-09-23,1,0.1939
201892,2024-04-05,2025-08-05,3,0.3135
201893,2024-09-22,2025-06-30,1,0.18
201894,2024-01-06,2025-09-30,1,0.3372
201895,2024-11-12,2025-07-31,2,0.478
201896,2024-02-28,2025-10-15,1,0.2438
201897,2024-10-03,2025-11-08,4,0.0588
201898,2024-08-17,2025-08-10,1,0.062
201899,2024-01-24,2025-06-25,4,0.0577
201900,2024-10-06,2025-06-01,1,0.0257
201901,2024-06-30,2025-09-15,1,0.3852
201902,2024-04-19,2025-11-06,1,0.1857
201903,2024-02-10,2025-11-09,2,0.4652
201904,2024-02-12,2025-11-09,1,0.1905
201905,2024-05-29,2025-06-03,1,0.0764
201906,2024-04-17,2025-06-10,4,0.0785
201907,2024-11-02,2025-11-22,1,0.0523
201908,2024-07-17,2025-09-30,1,0.1059
201909,2024-01-16,2025-11-07,1,0.1179
201910,2024-11-16,2025-11-24,2,0.0559
201911,2024-04-01,2025-10-07,3,0.2256
201912,2024-08-09,2025-08-12,2,0.2031
201913,2024-10-28,2025-10-06,1,0.1978
201914,2024-08-31,2025-09-21,1,0.319
201915,2024-05-28,2025-11-04,1,0.176
201916,2024-01-03,2025-11-03,3,0.1433
201917,2024-03-26,2025-07-01,2,0.2131
201918,2024-07-26,2025-11-06,2,0.168
201919,2024-12-12,2025-10-04,1,0.1561
201920,2024-01-14,2025-10-11,1,0.3086
201921,2024-02-26,2025-08-01,2,0.4922
201922,2024-05-10,2025-08-27,1,0.3288
201923,2024-10-14,2025-11-05,1,0.231
201924,2024-12-12,2025-06-25,2,0.414
201925,2024-03-05,2025-09-04,1,0.3605
201926,2024-07-30,2025-11-22,2,0.0687
201927,2024-12-17,2025-10-16,1,0.0899
201928,2024-12-30,2025-06-27,1,0.2066
201929,2024-10-13,2025-07-01,2,0.0467
201930,2024-10-11,2025-08-30,1,0.2762
201931,2024-04-10,2025-07-14,1,0.2936
201932,2024-04-22,2025-11-06,4,0.231
201933,2024-12-25,2025-10-29,3,0.2518
201934,2024-08-15,2025-11-19,1,0.3278
201935,2024-02-11,2025-08-11,1,0.1751
201936,2024-01-26,2025-07-22,1,0.2892
201937,2024-11-09,2025-09-04,2,0.0631
201938,2024-02-17,2025-06-21,1,0.2739
201939,2024-09-12,2025-10-09,1,0.2052
201940,2024-04-27,2025-11-04,1,0.3575
201941,2024-03-04,2025-07-01,3,0.1407
201942,2024-02-11,2025-07-06,3,0.0888
201943,2024-07-18,2025-07-25,1,0.0279
201944,2024-10-20,2025-10-23,1,0.1813
201945,2024-01-05,2025-07-29,1,0.2793
201946,2024-09-13,2025-10-10,1,0.338
201947,2024-07-28,2025-11-13,1,0.04
201948,2024-10-16,2025-08-18,2,0.2101
201949,2024-07-31,2025-06-25,1,0.4954
201950,2024-02-15,2025-11-12,1,0.1178
201951,2024-05-29,2025-08-06,3,0.2535
201952,2024-12-26,2025-09-16,1,0.2139
201953,2024-10-27,2025-11-20,1,0.1921
201954,2024-05-08,2025-11-09,3,0.0373
201955,2024-12-05,2025-10-29,2,0.0409
201956,2024-01-03,2025-08-03,1,0.2034
201957,2024-07-13,2025-09-29,1,0.2375
201958,2024-10-09,2025-07-31,2,0.0952
201959,2024-09-02,2025-09-07,1,0.021
201960,2024-03-06,2025-07-31,1,0.2439
201961,2024-02-23,2025-10-29,1,0.0777
201962,2024-09-28,2025-10-14,2,0.1952
201963,2024-12-30,2025-11-18,1,0.2131
201964,2024-10-05,2025-07-18,1,0.0742
201965,2024-11-09,2025-11-14,2,0.0843
201966,2024-11-28,2025-07-15,1,0.1985
201967,2024-12-12,2025-09-24,1,0.1722
201968,2024-10-15,2025-07-02,4,0.6389
201969,2024-10-10,2025-10-10,1,0.4376
201970,2024-10-15,2025-10-18,1,0.1554
201971,2024-04-27,2025-10-18,3,0.3366
201972,2024-07-16,2025-07-20,1,0.1364
201973,2024-03-21,2025-10-24,1,0.0087
201974,2024-07-12,2025-06-29,1,0.5555
201975,2024-07-05,2025-10-10,2,0.078
201976,2024-01-25,2025-08-24,1,0.366
201977,2024-01-31,2025-07-03,1,0.1005
201978,2024-12-13,2025-11-23,1,0.1408
201979,2024-07-20,2025-10-15,1,0.1628
201980,2024-01-12,2025-06-27,2,0.1445
201981,2024-05-15,2025-08-10,1,0.3321
201982,2024-11-21,2025-10-11,1,0.1517
201983,2024-09-22,2025-07-06,1,0.0642
201984,2024-10-27,2025-08-25,3,0.3924
201985,2024-08-16,2025-06-19,1,0.2955
201986,2024-09-12,2025-06-05,1,0.3635
201987,2024-03-30,2025-07-14,1,0.3268
201988,2024-11-03,2025-10-07,4,0.1908
201989,2024-09-24,2025-08-31,1,0.0783
201990,2024-03-28,2025-07-26,1,0.0724
201991,2024-04-23,2025-07-15,1,0.0619
201992,2024-10-06,2025-10-23,1,0.0621
201993,2024-03-31,2025-09-28,1,0.0579
201994,2024-09-01,2025-11-03,1,0.7203
201995,2024-06-01,2025-11-21,1,0.1361
201996,2024-04-14,2025-09-22,1,0.1144
201997,2024-02-27,2025-06-08,2,0.13
201998,2024-09-20,2025-11-16,1,0.0722
201999,2024-04-28,2025-06-24,1,0.267
202000,2024-07-22,2025-10-06,1,0.0663
202001,2024-04-04,2025-07-15,3,0.0849
202002,2024-02-23,2025-10-17,2,0.1967
202003,2024-01-08,2025-10-23,2,0.0178
202004,2024-12-08,2025-10-21,2,0.2596
202005,2024-04-19,2025-07-19,1,0.4139
202006,2024-07-29,2025-09-24,1,0.2567
202007,2024-06-19,2025-07-05,1,0.0993
202008,2024-05-15,2025-11-07,1,0.17
202009,2024-10-29,2025-06-28,2,0.0939
202010,2024-11-28,2025-10-30,1,0.6021
202011,2024-03-06,2025-06-27,1,0.5814
202012,2024-01-12,2025-07-22,1,0.5187
202013,2024-04-29,2025-10-08,2,0.2915
202014,2024-02-07,2025-11-20,2,0.2607
202015,2024-01-11,2025-10-06,2,0.3733
202016,2024-10-20,2025-08-01,1,0.0413
202017,2024-01-28,2025-07-27,3,0.1427
202018,2024-01-26,2025-09-22,3,0.1029
202019,2024-05-09,2025-08-20,1,0.3784
202020,2024-07-26,2025-07-08,1,0.1162
202021,2024-07-01,2025-09-22,1,0.082
202022,2024-09-29,2025-08-18,2,0.0841
202023,2024-09-30,2025-11-23,3,0.4828
202024,2024-01-07,2025-06-06,1,0.0814
202025,2024-10-05,2025-10-12,1,0.0593
202026,2024-01-16,2025-10-22,1,0.0266
202027,2024-11-29,2025-10-23,4,0.2905
202028,2024-04-21,2025-10-05,1,0.0129
202029,2024-11-27,2025-11-23,4,0.1958
202030,2024-12-30,2025-07-26,1,0.3151
202031,2024-02-07,2025-08-08,1,0.1106
202032,2024-05-19,2025-11-16,1,0.0854
202033,2024-02-10,2025-06-13,1,0.0544
202034,2024-12-19,2025-10-27,1,0.155
202035,2024-06-30,2025-10-13,1,0.2106
202036,2024-11-01,2025-09-14,1,0.2037
202037,2024-08-03,2025-06-22,1,0.1292
202038,2024-11-05,2025-09-19,1,0.2198
202039,2024-08-06,2025-08-18,2,0.1197
202040,2024-01-18,2025-06-16,1,0.1165
202041,2024-06-26,2025-10-11,3,0.0823
202042,2024-08-27,2025-10-25,1,0.1849
202043,2024-12-24,2025-09-09,1,0.3149
202044,2024-10-30,2025-06-30,1,0.2946
202045,2024-07-04,2025-08-06,1,0.7014
202046,2024-10-21,2025-09-06,2,0.2296
202047,2024-12-07,2025-09-01,3,0.0583
202048,2024-11-15,2025-09-15,1,0.0368
202049,2024-12-26,2025-07-15,1,0.2815
202050,2024-05-11,2025-10-22,2,0.0161
202051,2024-06-11,2025-06-14,3,0.3484
202052,2024-01-06,2025-11-25,1,0.2183
202053,2024-02-18,2025-08-14,1,0.1293
202054,2024-10-25,2025-10-28,1,0.0209
202055,2024-04-28,2025-06-11,3,0.1113
202056,2024-06-09,2025-09-29,1,0.0755
202057,2024-05-10,2025-11-24,1,0.4957
202058,2024-12-04,2025-11-20,1,0.3037
202059,2024-11-20,2025-08-20,1,0.2601
202060,2024-09-26,2025-08-07,1,0.2753
202061,2024-12-17,2025-11-06,1,0.5574
202062,2024-07-18,2025-09-23,3,0.0426
202063,2024-03-02,2025-11-19,2,0.0973
202064,2024-08-19,2025-07-13,1,0.1035
202065,2024-01-08,2025-08-20,2,0.0186
202066,2024-06-02,2025-07-27,1,0.0818
202067,2024-10-30,2025-08-15,1,0.0896
202068,2024-03-06,2025-11-05,1,0.1186
202069,2024-07-22,2025-11-08,4,0.2249
202070,2024-10-10,2025-09-16,1,0.1391
202071,2024-10-01,2025-06-07,1,0.3805
202072,2024-08-04,2025-08-19,1,0.023
202073,2024-05-01,2025-08-27,2,0.4563
202074,2024-03-29,2025-10-07,1,0.3724
202075,2024-02-27,2025-07-19,2,0.0522
202076,2024-09-25,2025-09-13,2,0.2413
202077,2024-04-06,2025-10-14,2,0.1702
202078,2024-08-25,2025-09-11,2,0.1676
202079,2024-01-18,2025-10-29,1,0.1964
202080,2024-04-16,2025-07-16,3,0.1451
202081,2024-05-20,2025-09-20,1,0.1391
202082,2024-10-09,2025-08-22,1,0.214
202083,2024-02-06,2025-08-13,1,0.0073
202084,2024-06-20,2025-08-16,1,0.1964
202085,2024-06-18,2025-09-08,1,0.2196
202086,2024-04-27,2025-09-01,1,0.0493
202087,2024-10-18,2025-09-12,1,0.0872
202088,2024-12-23,2025-11-20,1,0.5152
202089,2024-01-18,2025-09-23,1,0.1166
202090,2024-12-06,2025-09-07,1,0.338
202091,2024-11-23,2025-11-13,1,0.1852
202092,2024-11-03,2025-07-13,1,0.0356
202093,2024-02-14,2025-07-15,3,0.3386
202094,2024-05-21,2025-06-21,1,0.1263
202095,2024-08-27,2025-07-07,2,0.3317
202096,2024-03-15,2025-06-15,1,0.281
202097,2024-03-28,2025-07-05,2,0.2302
202098,2024-07-24,2025-09-27,3,0.5847
202099,2024-11-04,2025-10-04,1,0.2081
202100,2024-02-29,2025-09-25,4,0.1772
202101,2024-01-04,2025-11-10,1,0.1738
202102,2024-12-29,2025-11-02,2,0.4446
202103,2024-06-02,2025-07-29,1,0.2707
202104,2024-01-28,2025-07-05,1,0.1909
202105,2024-12-17,2025-08-15,1,0.2098
202106,2024-04-09,2025-11-14,1,0.1392
202107,2024-02-11,2025-11-22,2,0.244
202108,2024-09-01,2025-07-07,2,0.1935
202109,2024-10-04,2025-06-27,1,0.156
202110,2024-02-16,2025-10-11,1,0.2455
202111,2024-09-22,2025-11-06,4,0.6361
202112,2024-05-17,2025-11-19,2,0.1741
202113,2024-04-26,2025-11-20,1,0.0533
202114,2024-08-31,2025-07-21,1,0.0251
202115,2024-01-23,2025-10-22,1,0.2328
202116,2024-03-02,2025-09-30,1,0.3894
202117,2024-10-31,2025-07-31,2,0.1382
202118,2024-12-25,2025-06-03,1,0.1917
202119,2024-11-26,2025-09-26,1,0.122
202120,2024-10-12,2025-08-05,1,0.1385
202121,2024-02-16,2025-07-23,1,0.2271
202122,2024-04-22,2025-06-02,1,0.3429
202123,2024-11-05,2025-06-22,2,0.2689
202124,2024-09-17,2025-07-05,3,0.2898
202125,2024-10-31,2025-06-20,1,0.2931
202126,2024-05-29,2025-11-18,1,0.1946
202127,2024-07-29,2025-06-02,1,0.38
202128,2024-09-25,2025-08-09,2,0.125
202129,2024-10-12,2025-11-24,3,0.215
202130,2024-09-21,2025-06-22,1,0.1413
202131,2024-01-15,2025-09-26,1,0.1179
202132,2024-03-14,2025-07-16,3,0.0588
202133,2024-06-30,2025-07-28,1,0.1646
202134,2024-09-12,2025-08-19,1,0.3249
202135,2024-12-18,2025-09-13,1,0.2093
202136,2024-04-19,2025-10-15,1,0.2105
202137,2024-10-09,2025-09-20,1,0.1512
202138,2024-08-30,2025-06-04,1,0.2085
202139,2024-04-07,2025-07-03,2,0.1576
202140,2024-03-04,2025-09-21,1,0.0147
202141,2024-08-15,2025-07-22,1,0.3272
202142,2024-04-29,2025-06-11,1,0.0162
202143,2024-03-18,2025-09-07,1,0.0882
202144,2024-03-20,2025-07-28,1,0.0733
202145,2024-03-22,2025-10-30,1,0.1061
202146,2024-02-03,2025-11-08,4,0.0699
202147,2024-03-10,2025-06-24,1,0.0304
202148,2024-12-22,2025-10-18,1,0.2279
202149,2024-03-10,2025-11-02,2,0.5146
202150,2024-05-29,2025-09-24,1,0.1411
202151,2024-07-01,2025-09-18,1,0.2912
202152,2024-09-13,2025-08-23,1,0.0365
202153,2024-04-23,2025-08-28,1,0.3525
202154,2024-10-28,2025-06-15,1,0.0396
202155,2024-10-10,2025-06-26,1,0.2347
202156,2024-07-04,2025-10-02,1,0.3337
202157,2024-11-22,2025-09-07,1,0.0849
202158,2024-05-07,2025-07-02,2,0.0857
202159,2024-06-26,2025-08-03,1,0.093
202160,2024-08-06,2025-09-25,1,0.2143
202161,2024-03-10,2025-07-05,1,0.1254
202162,2024-01-30,2025-07-08,1,0.0502
202163,2024-12-30,2025-11-06,1,0.0035
202164,2024-01-18,2025-08-22,1,0.0486
202165,2024-01-18,2025-08-22,1,0.1196
202166,2024-02-07,2025-06-14,1,0.1997
202167,2024-07-19,2025-06-15,2,0.0831
202168,2024-04-07,2025-09-25,1,0.1779
202169,2024-03-21,2025-07-25,1,0.0094
202170,2024-11-10,2025-07-21,1,0.2465
202171,2024-12-08,2025-07-03,1,0.0069
202172,2024-11-15,2025-10-14,1,0.1285
202173,2024-04-28,2025-11-17,1,0.0958
202174,2024-02-01,2025-07-17,1,0.2347
202175,2024-12-15,2025-07-14,3,0.3145
202176,2024-07-18,2025-10-19,2,0.1929
202177,2024-12-21,2025-08-31,1,0.1533
202178,2024-03-02,2025-10-21,2,0.6397
202179,2024-12-10,2025-10-13,1,0.2919
202180,2024-04-23,2025-10-22,2,0.0389
202181,2024-10-16,2025-06-29,1,0.0298
202182,2024-02-10,2025-09-05,1,0.1695
202183,2024-09-27,2025-08-18,1,0.3036
202184,2024-06-21,2025-11-04,1,0.0719
202185,2024-12-13,2025-09-26,1,0.1549
202186,2024-02-23,2025-10-13,1,0.367
202187,2024-03-22,2025-11-06,1,0.3597
202188,2024-08-20,2025-10-03,1,0.1616
202189,2024-10-22,2025-09-26,1,0.1374
202190,2024-11-20,2025-09-04,1,0.7456
202191,2024-02-11,2025-06-15,1,0.242
202192,2024-01-03,2025-10-08,1,0.0695
202193,2024-05-12,2025-07-28,1,0.1406
202194,2024-02-05,2025-06-23,1,0.09
202195,2024-05-26,2025-08-03,1,0.4266
202196,2024-06-23,2025-08-02,1,0.105
202197,2024-12-29,2025-08-09,4,0.0876
202198,2024-01-13,2025-07-21,1,0.2284
202199,2024-04-27,2025-11-17,2,0.1186
202200,2024-05-03,2025-11-07,1,0.3961
202201,2024-07-21,2025-06-07,1,0.2926
202202,2024-04-26,2025-08-29,1,0.104
202203,2024-08-19,2025-07-25,1,0.0314
202204,2024-11-05,2025-10-31,3,0.1298
202205,2024-09-04,2025-08-28,1,0.0948
202206,2024-08-29,2025-09-23,1,0.0671
202207,2024-02-13,2025-06-16,1,0.1866
202208,2024-11-19,2025-10-07,2,0.1467
202209,2024-07-23,2025-08-27,1,0.0616
202210,2024-03-01,2025-11-05,1,0.155
202211,2024-08-19,2025-06-20,3,0.02
202212,2024-06-26,2025-07-25,1,0.2985
202213,2024-11-25,2025-10-29,1,0.0607
202214,2024-08-24,2025-07-13,2,0.2172
202215,2024-12-15,2025-07-19,3,0.1261
202216,2024-12-21,2025-07-25,3,0.2443
202217,2024-03-26,2025-09-03,1,0.1568
202218,2024-04-16,2025-06-10,2,0.4226
202219,2024-03-17,2025-09-20,1,0.3724
202220,2024-03-25,2025-10-24,2,0.0079
202221,2024-09-06,2025-07-26,2,0.0628
202222,2024-12-12,2025-07-01,1,0.0609
202223,2024-06-27,2025-08-03,1,0.1645
202224,2024-10-22,2025-09-25,2,0.1747
202225,2024-09-28,2025-08-31,1,0.0697
202226,2024-04-05,2025-09-17,4,0.1761
202227,2024-11-05,2025-10-23,2,0.3538
202228,2024-06-23,2025-11-18,2,0.1143
202229,2024-01-04,2025-08-21,1,0.1104
202230,2024-09-18,2025-10-15,1,0.1166
202231,2024-11-16,2025-08-28,2,0.1678
202232,2024-03-30,2025-06-25,1,0.1766
202233,2024-04-06,2025-09-16,1,0.2292
202234,2024-09-24,2025-11-19,2,0.2165
202235,2024-12-19,2025-08-16,1,0.0679
202236,2024-04-04,2025-09-06,1,0.0938
202237,2024-06-06,2025-10-09,1,0.0452
202238,2024-09-04,2025-10-28,1,0.0907
202239,2024-11-07,2025-06-01,1,0.265
202240,2024-01-13,2025-06-11,1,0.0932
202241,2024-03-13,2025-08-26,1,0.0879
202242,2024-11-22,2025-06-21,3,0.0559
202243,2024-07-10,2025-11-14,1,0.4803
202244,2024-10-03,2025-10-05,1,0.1815
202245,2024-01-24,2025-09-19,1,0.2945
202246,2024-02-03,2025-09-14,1,0.474
202247,2024-09-25,2025-08-27,1,0.0668
202248,2024-05-17,2025-06-09,2,0.0266
202249,2024-12-09,2025-10-17,2,0.1643
202250,2024-06-06,2025-08-26,1,0.1655
202251,2024-11-03,2025-08-10,1,0.1112
202252,2024-07-17,2025-08-18,1,0.0678
202253,2024-09-05,2025-08-24,3,0.1958
202254,2024-08-26,2025-11-17,3,0.0301
202255,2024-02-13,2025-07-06,5,0.1905
202256,2024-10-16,2025-07-02,1,0.1014
202257,2024-12-25,2025-06-23,2,0.2681
202258,2024-05-21,2025-09-20,1,0.2528
202259,2024-05-05,2025-06-05,1,0.1041
202260,2024-08-05,2025-10-21,1,0.1782
202261,2024-08-18,2025-10-10,1,0.2145
202262,2024-05-19,2025-10-06,1,0.2512
202263,2024-04-09,2025-08-24,1,0.3254
202264,2024-12-20,2025-08-13,1,0.1889
202265,2024-10-28,2025-11-17,1,0.1385
202266,2024-07-27,2025-10-28,1,0.4058
202267,2024-05-18,2025-07-02,1,0.238
202268,2024-05-08,2025-07-17,1,0.1964
202269,2024-05-22,2025-07-14,1,0.1749
202270,2024-08-04,2025-08-25,1,0.2575
202271,2024-01-02,2025-09-23,2,0.2425
202272,2024-08-27,2025-07-10,1,0.1645
202273,2024-07-28,2025-06-10,2,0.1341
202274,2024-02-22,2025-08-09,4,0.3965
202275,2024-04-01,2025-08-30,3,0.1862
202276,2024-04-11,2025-09-30,1,0.1306
202277,2024-12-02,2025-06-23,2,0.2549
202278,2024-12-07,2025-10-03,1,0.0841
202279,2024-10-12,2025-06-30,3,0.0525
202280,2024-09-05,2025-07-23,1,0.3395
202281,2024-12-13,2025-09-01,1,0.1575
202282,2024-09-25,2025-06-19,1,0.1184
202283,2024-05-22,2025-09-11,2,0.2572
202284,2024-05-10,2025-06-07,2,0.2584
202285,2024-08-29,2025-07-09,1,0.512
202286,2024-05-29,2025-09-10,1,0.1113
202287,2024-06-13,2025-07-19,2,0.0946
202288,2024-12-20,2025-08-17,4,0.5408
202289,2024-11-27,2025-07-22,1,0.1706
202290,2024-08-09,2025-08-30,2,0.3035
202291,2024-04-28,2025-06-26,1,0.1031
202292,2024-06-10,2025-06-29,1,0.3755
202293,2024-04-29,2025-11-21,1,0.064
202294,2024-06-01,2025-07-30,2,0.1827
202295,2024-05-13,2025-10-03,1,0.0647
202296,2024-06-11,2025-06-02,2,0.099
202297,2024-06-30,2025-06-20,1,0.1382
202298,2024-08-22,2025-10-20,1,0.3024
202299,2024-11-20,2025-08-04,1,0.1412
202300,2024-07-11,2025-07-25,1,0.1245
202301,2024-03-16,2025-07-02,1,0.0249
202302,2024-03-08,2025-07-18,1,0.0834
202303,2024-08-25,2025-07-13,1,0.1317
202304,2024-12-30,2025-10-22,1,0.2868
202305,2024-04-21,2025-11-17,1,0.0537
202306,2024-02-02,2025-06-07,1,0.0416
202307,2024-01-31,2025-06-25,1,0.0396
202308,2024-04-10,2025-09-21,1,0.1001
202309,2024-12-14,2025-11-06,1,0.0344
202310,2024-10-11,2025-07-28,1,0.2647
202311,2024-10-13,2025-10-30,1,0.3137
202312,2024-05-01,2025-06-01,1,0.2795
202313,2024-12-13,2025-10-12,1,0.1194
202314,2024-05-28,2025-11-17,1,0.1664
202315,2024-05-26,2025-08-29,2,0.3604
202316,2024-12-08,2025-09-14,2,0.179
202317,2024-10-03,2025-07-17,1,0.1457
202318,2024-04-15,2025-10-20,1,0.0289
202319,2024-08-25,2025-10-28,1,0.1788
202320,2024-05-07,2025-10-28,1,0.1586
202321,2024-08-13,2025-10-29,1,0.0853
202322,2024-02-20,2025-06-14,3,0.0843
202323,2024-01-15,2025-09-03,1,0.5386
202324,2024-12-17,2025-08-31,3,0.1423
202325,2024-01-27,2025-06-09,1,0.2309
202326,2024-05-26,2025-10-23,1,0.036
202327,2024-03-12,2025-07-05,1,0.0644
202328,2024-01-06,2025-08-16,1,0.2837
202329,2024-09-30,2025-06-11,1,0.0999
202330,2024-04-13,2025-10-21,3,0.1824
202331,2024-10-18,2025-07-03,1,0.1789
202332,2024-07-19,2025-09-01,3,0.1193
202333,2024-08-24,2025-08-31,2,0.0226
202334,2024-09-01,2025-06-18,2,0.0642
202335,2024-03-11,2025-11-01,3,0.2907
202336,2024-06-15,2025-06-02,1,0.0875
202337,2024-10-10,2025-09-26,2,0.14
202338,2024-03-26,2025-07-01,1,0.0085
202339,2024-02-11,2025-09-17,1,0.0226
202340,2024-05-31,2025-07-11,1,0.0572
202341,2024-11-22,2025-10-13,3,0.062
202342,2024-04-27,2025-09-10,3,0.2821
202343,2024-05-20,2025-09-24,1,0.0893
202344,2024-02-16,2025-11-25,1,0.5719
202345,2024-09-22,2025-08-19,1,0.1303
202346,2024-05-03,2025-10-15,2,0.0251
202347,2024-03-02,2025-10-25,1,0.104
202348,2024-02-07,2025-07-29,1,0.1774
202349,2024-04-24,2025-07-26,1,0.3384
202350,2024-03-15,2025-10-06,3,0.1695
202351,2024-06-29,2025-11-15,2,0.0882
202352,2024-06-04,2025-06-03,1,0.1196
202353,2024-06-30,2025-06-21,1,0.1036
202354,2024-05-13,2025-07-01,2,0.0475
202355,2024-02-05,2025-09-23,1,0.0239
202356,2024-10-10,2025-08-15,1,0.0056
202357,2024-07-19,2025-08-30,3,0.0466
202358,2024-03-08,2025-07-28,1,0.115
202359,2024-01-28,2025-08-16,3,0.0648
202360,2024-12-08,2025-10-18,1,0.1153
202361,2024-12-03,2025-08-17,1,0.0691
202362,2024-03-09,2025-08-10,3,0.053
202363,2024-06-02,2025-06-08,2,0.2755
202364,2024-07-31,2025-08-08,3,0.0183
202365,2024-06-09,2025-10-14,2,0.1824
202366,2024-11-01,2025-06-25,1,0.3768
202367,2024-07-29,2025-08-03,1,0.0929
202368,2024-04-06,2025-07-22,2,0.3108
202369,2024-10-12,2025-08-25,3,0.2655
202370,2024-11-15,2025-10-26,2,0.1132
202371,2024-01-26,2025-10-31,1,0.1357
202372,2024-11-06,2025-08-09,1,0.2995
202373,2024-09-13,2025-09-12,1,0.0307
202374,2024-12-01,2025-10-26,1,0.1065
202375,2024-11-28,2025-11-01,1,0.2838
202376,2024-01-19,2025-09-17,4,0.1655
202377,2024-06-09,2025-06-25,1,0.0304
202378,2024-01-27,2025-08-07,1,0.2085
202379,2024-01-05,2025-07-21,1,0.2359
202380,2024-11-30,2025-10-01,1,0.1383
202381,2024-03-31,2025-07-12,1,0.0205
202382,2024-01-23,2025-06-07,3,0.0028
202383,2024-12-09,2025-11-07,1,0.0245
202384,2024-05-28,2025-06-20,2,0.0619
202385,2024-02-13,2025-10-19,2,0.1941
202386,2024-04-03,2025-11-19,1,0.2248
202387,2024-01-05,2025-10-29,1,0.0187
202388,2024-09-04,2025-08-27,1,0.8272
202389,2024-12-07,2025-09-11,1,0.0505
202390,2024-05-22,2025-10-08,1,0.0168
202391,2024-11-11,2025-07-10,1,0.215
202392,2024-05-05,2025-08-16,1,0.0544
202393,2024-06-17,2025-08-07,1,0.2204
202394,2024-03-19,2025-07-20,1,0.1683
202395,2024-01-02,2025-09-08,4,0.0284
202396,2024-02-29,2025-08-15,1,0.1182
202397,2024-08-01,2025-06-04,2,0.1159
202398,2024-02-06,2025-06-17,1,0.128
202399,2024-10-25,2025-09-24,1,0.1068
202400,2024-11-30,2025-09-08,1,0.2107
202401,2024-04-14,2025-11-01,1,0.2411
202402,2024-04-08,2025-06-14,1,0.2659
202403,2024-03-04,2025-07-29,1,0.2525
202404,2024-05-29,2025-08-09,1,0.229
202405,2024-11-26,2025-10-01,1,0.1048
202406,2024-05-22,2025-08-18,1,0.0301
202407,2024-10-07,2025-08-27,1,0.5437
202408,2024-04-27,2025-11-13,2,0.1245
202409,2024-06-12,2025-06-01,1,0.0519
202410,2024-06-29,2025-11-08,1,0.0703
202411,2024-11-26,2025-07-22,1,0.0411
202412,2024-07-01,2025-06-08,1,0.1261
202413,2024-08-09,2025-09-04,1,0.1022
202414,2024-11-07,2025-07-09,1,0.2594
202415,2024-12-10,2025-10-09,3,0.3826
202416,2024-11-22,2025-10-15,3,0.2415
202417,2024-02-07,2025-08-12,1,0.3717
202418,2024-02-10,2025-10-19,1,0.2376
202419,2024-06-08,2025-07-04,1,0.1437
202420,2024-05-08,2025-07-31,1,0.0619
202421,2024-09-04,2025-06-11,4,0.1742
202422,2024-06-06,2025-09-24,1,0.2184
202423,2024-05-28,2025-10-07,1,0.2752
202424,2024-02-02,2025-10-16,1,0.0192
202425,2024-05-07,2025-08-05,2,0.082
202426,2024-07-27,2025-10-29,1,0.1364
202427,2024-09-10,2025-09-25,1,0.2107
202428,2024-03-02,2025-09-12,1,0.0491
202429,2024-08-09,2025-07-10,1,0.4117
202430,2024-07-28,2025-10-30,1,0.1771
202431,2024-04-13,2025-10-14,3,0.3256
202432,2024-11-20,2025-11-05,1,0.4497
202433,2024-06-11,2025-08-01,1,0.512
202434,2024-04-06,2025-09-08,1,0.4047
202435,2024-09-15,2025-06-10,1,0.0895
202436,2024-03-09,2025-09-16,2,0.2958
202437,2024-08-16,2025-08-31,1,0.3611
202438,2024-09-05,2025-10-26,1,0.3221
202439,2024-06-14,2025-10-10,1,0.1498
202440,2024-03-15,2025-11-26,1,0.11
202441,2024-04-04,2025-11-15,1,0.1833
202442,2024-03-21,2025-07-01,2,0.1672
202443,2024-02-11,2025-11-22,3,0.8134
202444,2024-12-30,2025-06-06,1,0.0631
202445,2024-11-02,2025-08-22,1,0.1734
202446,2024-07-09,2025-11-15,1,0.1286
202447,2024-10-26,2025-09-19,2,0.1734
202448,2024-08-27,2025-11-26,1,0.0842
202449,2024-08-11,2025-09-09,3,0.2327
202450,2024-09-18,2025-10-01,2,0.0345
202451,2024-07-27,2025-09-05,1,0.2642
202452,2024-07-23,2025-11-14,1,0.0911
202453,2024-02-19,2025-06-21,1,0.3995
202454,2024-08-10,2025-08-10,2,0.0489
202455,2024-06-12,2025-09-29,1,0.0988
202456,2024-03-30,2025-08-28,3,0.1542
202457,2024-06-25,2025-11-21,2,0.5707
202458,2024-10-31,2025-09-13,2,0.2246
202459,2024-06-17,2025-06-23,1,0.4404
202460,2024-06-22,2025-09-19,1,0.2946
202461,2024-03-29,2025-07-27,3,0.1871
202462,2024-10-21,2025-08-24,1,0.0744
202463,2024-02-15,2025-06-14,5,0.1368
202464,2024-11-01,2025-11-04,1,0.214
202465,2024-12-05,2025-08-12,1,0.1663
202466,2024-03-05,2025-10-24,1,0.1794
202467,2024-07-22,2025-08-26,1,0.3187
202468,2024-08-01,2025-11-18,1,0.152
202469,2024-11-10,2025-08-04,3,0.0828
202470,2024-04-29,2025-06-20,1,0.0951
202471,2024-09-02,2025-08-25,1,0.2236
202472,2024-02-06,2025-06-07,1,0.0132
202473,2024-10-26,2025-10-23,2,0.2884
202474,2024-10-03,2025-11-13,2,0.1783
202475,2024-03-19,2025-07-09,1,0.1732
202476,2024-02-15,2025-06-10,1,0.2949
202477,2024-02-08,2025-10-15,1,0.0519
202478,2024-10-29,2025-10-03,4,0.0718
202479,2024-08-12,2025-10-21,3,0.2434
202480,2024-05-15,2025-09-11,1,0.079
202481,2024-07-19,2025-09-13,1,0.0272
202482,2024-07-22,2025-07-19,3,0.0203
202483,2024-02-05,2025-07-27,1,0.3187
202484,2024-06-09,2025-09-22,1,0.0564
202485,2024-08-11,2025-11-16,1,0.1911
202486,2024-08-09,2025-07-26,1,0.1298
202487,2024-03-07,2025-08-05,1,0.1382
202488,2024-12-04,2025-09-15,1,0.1256
202489,2024-02-09,2025-06-09,2,0.1008
202490,2024-11-10,2025-09-26,1,0.2285
202491,2024-12-25,2025-06-25,1,0.1745
202492,2024-10-01,2025-10-01,1,0.467
202493,2024-07-21,2025-11-08,2,0.0981
202494,2024-03-11,2025-11-12,1,0.4766
202495,2024-04-30,2025-06-27,1,0.0436
202496,2024-07-19,2025-09-16,5,0.1733
202497,2024-02-05,2025-08-20,1,0.2593
202498,2024-09-15,2025-08-28,1,0.137
202499,2024-11-30,2025-10-03,1,0.1166
